Date,AAPL,MSFT,JPM,XOM,TLT
2018-01-01,100.80507122951686,100.77582498627824,100.27529598647192,99.83961544767375,100.30945748968266
2018-01-02,100.65648813133366,100.92578647707025,104.49624679642058,99.46817667925045,99.30098382114508
2018-01-03,101.69479282893445,101.68311620964828,105.06520203777939,98.24363068656223,99.2093970747342
2018-01-04,104.07907279042725,100.51693728832191,104.6355467608751,96.8813054132881,98.73547958448921
2018-01-05,103.77596324212219,100.7885029642396,106.01728228320478,97.44054677727055,99.23590583772358
2018-01-08,103.47376199649776,98.98657703481707,106.76551307979092,96.81628191156652,99.88356729040292
2018-01-09,105.98695261890012,98.89294179116484,107.42546518712605,97.20318880526378,98.6503130649234
2018-01-10,107.2706158146239,97.78031714702486,108.37036972853606,96.1900415009015,98.64713561883572
2018-01-11,106.57956608678614,96.8942427418501,111.52303825022247,96.41827670209868,99.32101087645154
2018-01-12,107.5109010367595,98.49970392143601,109.79081356248332,97.94547822649959,99.21969611806114
2018-01-15,106.82807077172191,99.94637218234175,110.55175712114593,98.65401479781877,99.6636429275201
2018-01-16,106.14587244806147,100.78780025788726,109.15113978471564,98.18551025367648,99.88359987045722
2018-01-17,106.59480941775368,99.4070007483317,110.03277286583419,98.50818590142062,100.09834575384428
2018-01-18,103.59958015777357,99.0478124537632,108.65058395814837,98.24339766156946,99.9454065055224
2018-01-19,100.98122845704313,100.65934711517328,108.0483190610146,98.27233645452512,99.22585106807601
2018-01-22,100.19010991238493,100.89512350475907,107.6343579878592,97.90800821537542,98.56806495292231
2018-01-23,98.7280890592975,103.9876885915124,109.13708798066237,97.73451302476367,98.9974387877337
2018-01-24,99.25270149231979,104.57138520481372,110.57315331542341,98.00280601431054,99.01889643637037
2018-01-25,97.96039547548199,104.88474784521955,108.67792468306914,96.85418329626032,98.9465063483904
2018-01-26,95.9439242760529,104.51570938790724,108.79410981296287,95.69284876352664,98.70474636644325
2018-01-29,98.11079204812901,104.7494098337443,107.7459745249657,94.11750422201347,98.53387531555762
2018-01-30,97.83739214836143,104.59415990874315,105.87991458469084,92.32896545364393,99.16266636043605
2018-01-31,97.99519633529735,105.60928940680787,105.5899901043933,90.99874582708654,98.97312044483455
2018-02-01,95.95971627955333,106.97557052556807,105.16564937729866,91.19107623375939,98.18664160051554
2018-02-02,95.23370993242716,105.93599658828687,108.77010008408759,90.2323433963769,98.6345602868389
2018-02-05,95.44930370438736,104.15563322143898,109.46203428362902,90.80652550557433,98.52317622494759
2018-02-06,93.85865025361227,101.72144630436732,107.38371749655207,90.86251362961336,98.5515878649258
2018-02-07,94.44390307733765,102.44406398980655,106.56686716221499,88.73432724125769,99.51201939198957
2018-02-08,93.6496694859562,101.02585235210925,108.12267587388386,89.44949992061026,99.50969445843812
2018-02-09,93.29610393875888,98.24889638502509,111.31642497081641,90.33769622120823,99.69230490161046
2018-02-12,92.51002836159424,98.79432728091963,108.8781760049638,89.27836458759454,98.99709653119952
2018-02-13,95.13584898934847,102.04554917763366,106.04528112462862,89.7463884256705,98.87651641297659
2018-02-14,95.17366944972542,102.08851832869522,108.85479310091968,88.84192622135049,99.2480109366971
2018-02-15,93.7207801965081,103.25236623820817,109.48120872818647,88.9638212994558,98.33172924170921
2018-02-16,94.9333559282607,103.41383039499854,108.1831887613848,87.63167873999824,98.46005908652806
2018-02-19,93.25183417048581,103.33259205849797,109.02537402879156,85.76360993260471,98.52944846224474
2018-02-20,93.59993897087261,104.61887557325996,105.03499427771419,85.38678124508569,98.56370958845561
2018-02-21,90.9047238742823,104.27639845757935,105.07146842442314,85.27708080370365,99.18692333032106
2018-02-22,89.14819091817509,104.69101185413467,105.58521499310783,84.88718065946802,99.39587358664002
2018-02-23,89.4649271783207,105.18118265500664,106.98314021713313,83.69804990477388,100.28729865936468
2018-02-26,90.5096090166714,104.3202561738831,105.49665833958252,83.31314025484535,99.69946093825946
2018-02-27,90.79657192400684,105.71778775847693,105.65486326575365,83.59903238079615,99.7907405208329
2018-02-28,90.69354285331497,105.53019399283636,104.31770115212615,83.57071602072568,99.8512936138646
2018-03-01,90.33833656523869,104.54615795705723,104.72197111072137,83.77045106555018,99.2206800768027
2018-03-02,88.38903130940405,105.32760159310432,103.44071365819032,83.1135749244681,99.79990758757967
2018-03-05,87.48766974408429,104.15003018470767,102.88074648362641,84.29882561579421,101.20190066491097
2018-03-06,86.93565915595498,104.24026108887827,101.47730747110882,83.12588500901124,101.20169457261379
2018-03-07,88.36634481461984,104.28002385373891,102.43280839998982,83.62885676030012,101.51846868164031
2018-03-08,88.87482900541784,105.80424766726439,103.69460806505532,84.83166494268526,101.58010164594896
2018-03-09,86.57780551775788,106.51007595328299,103.38511201483458,85.3381860859814,101.15534363630057
2018-03-12,87.05062938417383,106.5286778886609,103.47147289992932,85.14785712108446,100.06038138118186
2018-03-13,86.60003493868032,107.71444454238946,101.40408391956677,84.62508635514767,99.6466676359965
2018-03-14,85.77267292648467,109.71499240589412,101.00906704125762,85.69415945571419,98.82440821786108
2018-03-15,86.61111318413506,110.56545189792628,100.9683740599703,84.24801060584305,99.84473193512497
2018-03-16,88.00252009708083,110.6356149710623,104.7033056122729,83.28408774023482,99.7857578291211
2018-03-19,89.2846465701171,108.80416727055187,103.10474387733095,82.90342172790658,99.58862947052373
2018-03-20,88.21427875871345,107.3520148871149,105.24916596919039,84.15127118919791,100.12988599826534
2018-03-21,87.85805312518393,106.9797265634831,106.74960048192999,84.55159659538805,99.46597412658082
2018-03-22,88.34733035937933,106.18554559335145,107.20103489891466,83.58630914119391,99.01825945261689
2018-03-23,89.69314087199038,105.98054091851658,109.87255831198644,83.29177669352778,99.06860366427007
2018-03-26,89.10227712025429,106.1115804548625,110.47789860280093,82.69441825523768,99.69002276947705
2018-03-27,88.907598922698,106.8953212042536,111.11295083461266,82.00661008532805,100.0000697332099
2018-03-28,87.48551968990539,106.850801001029,111.06365122476447,82.98631637948708,100.1590649295918
2018-03-29,85.96824962925626,107.58000657583442,112.99948670662172,81.63688273096558,100.21602603197873
2018-03-30,87.06760191998085,107.72396663272252,114.76799300117698,83.2292403562247,100.46670791608032
2018-04-02,88.89111098486605,105.01136238782536,113.79711522734428,84.07308133975039,100.59831100799224
2018-04-03,88.8484297558155,103.78153650624711,111.72948301167298,85.1904411795753,99.98669001172732
2018-04-04,90.23917364645915,103.63903011148538,111.44549695309014,84.73422301258454,100.02433253382499
2018-04-05,90.78282319156334,102.06101895811392,110.23068086670303,84.59870853323767,99.38996501833405
2018-04-06,89.95880599618276,102.90803085490656,110.16571707140037,83.16071476325403,99.44825676145095
2018-04-09,90.50044203723753,105.00733007085199,112.10729241866744,82.65377129683367,99.17140398774518
2018-04-10,92.64263713947895,106.72355980039367,111.42318870120806,83.15993126961307,100.69232537289628
2018-04-11,92.64843744064152,106.48078960129791,111.38981441006459,84.46992943753288,100.67829225581788
2018-04-12,94.87845335104461,108.59756804580255,111.51371533765382,83.36456592512135,99.84010143634787
2018-04-13,91.20701996830515,108.86175084572156,112.87173297060191,83.0155959129484,99.76970605142309
2018-04-16,92.38619335221439,108.4391367241257,109.35505038961304,82.88147669298579,100.09058063835339
2018-04-17,92.56225427738065,107.6286371736052,108.4590165264536,81.50983214556634,101.10551751035537
2018-04-18,92.20263971387766,107.25924429033242,108.81237293202946,82.10454344121707,100.75804672244526
2018-04-19,92.38487008498751,106.77161173377674,110.67318478927348,81.40764960218233,99.81146841666803
2018-04-20,89.68598156763306,107.06154053111558,109.94422099811416,81.23305590117157,100.31062777291775
2018-04-23,89.44427082332082,107.3385581725265,107.0887785084261,80.8087437692356,99.48972649834741
2018-04-24,89.97706248922546,107.39647787196141,108.0500031268455,80.05948008131874,99.23931755747917
2018-04-25,92.02569719896142,108.06020917711892,107.1213054143935,80.06872376283796,99.09584500220929
2018-04-26,91.36549994466945,109.78683859332928,105.36930076860148,79.8775745021467,99.06435227133834
2018-04-27,90.31229291118021,111.19696311846916,104.4798958387015,79.53711274869603,99.48388848985645
2018-04-30,89.68675785057009,109.10605171980703,104.24133114538836,78.85774336160553,99.0857732984645
2018-05-01,90.97206162627411,105.53817747703896,103.3900521010485,79.1758788441135,98.93294582804224
2018-05-02,91.47525235636488,106.87283003374259,100.22859886289794,80.76283322593846,98.9343682742933
2018-05-03,90.80323828285945,105.02719791619704,101.51743107457453,80.91455806365835,99.03306398765422
2018-05-04,91.55681540130652,104.77282727061427,103.3597948517408,81.89794655693542,99.10109604316847
2018-05-07,91.74507115952635,103.23146503468621,104.33357930132381,80.54805029510483,99.37025805400704
2018-05-08,93.13314425599344,100.86480672024555,102.70309592150075,80.7166484213262,99.88331037878804
2018-05-09,92.20825796153535,101.62522805815138,102.44419358953985,79.66988103751738,100.12860428125911
2018-05-10,91.81038558024652,102.67898178404506,102.46557385529916,78.27381781439115,100.41111845403424
2018-05-11,91.32547780067134,101.96077976278819,103.35529487792488,77.5949915038186,99.46792277897825
2018-05-14,89.3754300587529,98.57735915009864,104.35337286245263,78.72033552684611,99.507845840668
2018-05-15,89.8260434734646,97.92663247260496,103.3120897039345,79.63350637141573,99.80408520424794
2018-05-16,90.23168253296578,98.47438039773982,103.46167918275899,79.88164888967407,100.25057346731914
2018-05-17,90.2927424794317,96.63036388276363,104.15507166577794,78.4284094437144,99.84414715172099
2018-05-18,90.0291953905769,96.90901482971206,106.30915608341938,78.25936737408796,99.4593242803917
2018-05-21,88.17184257151881,96.9381817259198,107.38958577010062,78.55834946956364,99.126672221424
2018-05-22,87.66840957940202,97.71667185737071,108.60811323712103,78.73953917707121,99.4556224376234
2018-05-23,87.27033207609453,97.91743513637122,108.76815519767031,77.01313359969564,100.0825197029309
2018-05-24,86.2724692198091,96.72774846021358,110.94856819310617,76.2057422179066,99.84785014960418
2018-05-25,86.11551495241147,98.28075400840329,111.61832910071124,76.16238624343077,100.40178344481426
2018-05-28,86.68910997540614,98.12734910780112,110.30622988704788,76.66776106535333,100.48620918151605
2018-05-29,89.1938000967529,98.14158159530567,112.50652806359092,74.66262818088161,100.42132376282082
2018-05-30,89.48088525489672,96.99995126987966,113.63954145965619,74.53230548131229,100.30400099011167
2018-05-31,89.88026134044394,96.48947260757767,112.9687708503893,74.67515299779268,100.76336003253638
2018-06-01,89.83382122177633,95.42785342978473,112.24431324542543,75.45142689116673,100.97027425716878
2018-06-04,87.30216325969943,95.26101703015041,112.74403139685502,76.09384229690195,102.35911559014062
2018-06-05,87.31982377740853,97.4284157174729,113.50895310167681,76.64102214608295,101.84595373725165
2018-06-06,87.45110504144688,95.73952191193334,113.8565279269833,75.92065125343586,102.17273770448219
2018-06-07,90.73477437529374,93.7791309143818,114.38690823076607,74.19755420556636,101.85853548244212
2018-06-08,90.52740780884848,95.6195664514509,117.14356445806166,73.86243107743495,101.33745553953872
2018-06-11,90.99119874203045,95.4071755243319,118.93604890792699,74.76499910350364,101.34098179699593
2018-06-12,90.9984164782366,94.62503268928774,119.2891579386874,76.03013162133799,101.4346325058678
2018-06-13,89.4577977661795,95.95155840113415,120.89697873760844,76.69361534891573,103.22079914199354
2018-06-14,91.04498862819112,95.24410736754866,119.18564154547792,77.10408647099604,103.11707515238689
2018-06-15,92.12651163751997,97.5526460689787,119.88537790824849,77.47076850761387,102.42814250999872
2018-06-18,93.27491275262616,98.46115740565413,122.95807477847464,76.96926730099881,102.60616920831936
2018-06-19,92.05853216771305,97.88586379891014,122.61961515175706,76.86453340846171,101.33920462480717
2018-06-20,94.05085506498362,100.68001644397728,121.20128939066677,78.41941331909048,101.29342558201581
2018-06-21,92.12960621108206,99.93757240289086,120.13117358015668,77.54811905175336,101.31329445901159
2018-06-22,92.9958876691187,100.95166291870272,118.33462839456361,79.06630537041428,101.80644728390492
2018-06-25,96.10723568155038,101.3949218381485,117.07002566021099,78.77657971467707,102.41135406189817
2018-06-26,94.73693440220224,103.16148873086463,116.49789117137954,80.04529112900227,102.11216771808371
2018-06-27,93.98903689992115,105.3072111316454,114.24040222785001,78.7099931832295,102.03010179372001
2018-06-28,94.18592235951635,105.40367821708708,114.2996537750538,79.27913337002248,101.57130048589839
2018-06-29,93.53112912990463,104.42401086419899,115.77776323120756,78.59406322224639,100.8939849316194
2018-07-02,91.41171828326156,105.10064063830065,114.3411248388229,77.2750028449893,101.09167344531986
2018-07-03,91.560577204296,104.227222804712,116.80746003517693,77.4931044705467,100.32928924636396
2018-07-04,90.15653643269313,107.00738331223596,117.67780284372509,78.44732832472565,100.08972684186779
2018-07-05,90.85109215295488,107.25082075450692,119.41097661015314,77.66761700900848,99.50209567571325
2018-07-06,89.65264237076612,106.79509269405622,118.34706257180873,76.286050562323,99.84021365924234
2018-07-09,91.79076967985634,107.10488859539018,119.79839439781608,76.21723008040416,100.92932867662599
2018-07-10,90.76741280329689,105.28275149455588,118.00296692335277,76.15250458357346,100.15121120158624
2018-07-11,90.38338289213642,104.00556827855635,119.5090936629571,76.66880603989746,99.04773405005969
2018-07-12,91.54053949407472,105.6806175613438,119.83245548361711,77.55779118520725,98.98342024542573
2018-07-13,89.90535406421563,104.83098496015973,120.79656955092337,77.51800542077592,99.00264151665556
2018-07-16,90.26604526599426,103.45666722939777,118.84469938419993,79.25952801403395,99.14242887457426
2018-07-17,92.09006399856146,104.23015953107988,117.39111250535001,79.48865279983134,98.88684731784042
2018-07-18,89.92481952775023,105.88889434240886,118.40785982854656,79.17410681531162,98.77769247631875
2018-07-19,90.22782191557532,106.93151801453186,116.87129618075507,77.65880876191855,99.00538122745174
2018-07-20,90.6336884859002,108.36959935729413,117.66425484620318,77.42956661817817,99.6333313085772
2018-07-23,91.750961058169,107.35760760990286,115.44746860488799,77.13249698671144,98.47456651056277
2018-07-24,90.10364038723417,105.42693792218441,116.8529767665058,78.03677196777484,98.26642705925018
2018-07-25,88.37303335428214,107.53730451757306,114.87169640382827,78.48546807149002,98.40231505948273
2018-07-26,89.11794056510344,107.13997160864564,115.79436874345907,77.39040511461954,97.87016944781078
2018-07-27,89.56841126631161,106.8441764450504,116.84333060047298,77.56585323660791,98.89653565597938
2018-07-30,89.95869601265716,108.74242605345795,115.73859964057908,78.20642106697694,98.52938629428776
2018-07-31,90.48016166769878,109.58311267514222,116.71640237806325,79.65608471794032,98.51482797426158
2018-08-01,89.61151856350259,110.28735304571791,117.17698767482558,80.52035702947403,98.85333798438084
2018-08-02,89.97747457205946,113.44653763568063,116.32818265354317,81.27162483187801,98.51252046774454
2018-08-03,90.42700987201275,112.5541970076516,114.72055443926499,81.34647859378856,97.4309083287892
2018-08-06,89.51231613698661,113.96809401353501,111.60282150052083,81.74180166035,97.19006622012174
2018-08-07,92.07117049489763,114.10954786385936,112.1826093924011,82.98379140188797,97.80009360154511
2018-08-08,92.78080847190503,114.56503890330181,109.75865296215683,81.67320110171713,97.61218336130432
2018-08-09,91.17852543290013,116.89873900430092,109.93808847062357,81.3470578006018,97.12621077821659
2018-08-10,92.13118639670309,117.72893804771326,109.56558799114566,80.60917287624176,97.67536560408459
2018-08-13,90.83948642898366,118.61165185137999,110.64020715283456,80.99205334234453,97.49128178723477
2018-08-14,91.96646553854293,120.3247119470192,110.20554194211644,82.20391039389193,97.20261352557122
2018-08-15,93.61992452371445,119.81400748625785,109.73030599899491,81.63146772669378,97.2994989220593
2018-08-16,92.52361322789817,118.56677653625474,110.88754263946016,79.30630537427844,97.75919052709138
2018-08-17,93.91615300146277,117.01562436752614,111.44096156306662,78.92986618391502,99.16597276772166
2018-08-20,94.55400464361746,114.0829044072545,111.96765198574832,79.81085647031966,99.66809140494502
2018-08-21,95.77667324918541,117.18946091826261,112.73684134391824,80.34172307783555,100.37165242879612
2018-08-22,98.55916707894986,115.56735853114901,110.3470446847554,80.77060607381914,100.07698161324585
2018-08-23,98.25552385433248,115.2927361514523,111.54928031818498,80.51537745076577,99.47099460993483
2018-08-24,97.20359604349159,114.93549320381304,112.53923144693434,79.29570081628152,99.51814267744778
2018-08-27,95.96495818173503,115.45227617596395,110.97115888555753,79.80188744876313,99.59208659722074
2018-08-28,94.84819915843002,116.7343256473902,110.62524773087372,79.01892066899367,98.95757779987532
2018-08-29,94.7954137035756,118.09850111142862,110.59755800715287,81.10574405122826,98.8633932251701
2018-08-30,95.33738559062577,117.26236293213486,110.42248705174997,81.67722213948069,99.11014692297557
2018-08-31,95.7902726833567,117.06623198187471,110.97173286756265,81.12444869919725,99.33436979164973
2018-09-03,97.03628848173071,117.55481250835041,113.22880191750716,80.54549409529038,99.64486192528595
2018-09-04,97.11343508478585,117.2335370113616,114.97759066548304,80.4717683495696,99.82878525363652
2018-09-05,99.28906845451982,119.74180627186036,112.89982272468222,80.25658498498099,99.53508378075387
2018-09-06,98.95447893910773,120.56595013306053,113.91693495429021,81.34823547981699,99.2381304375611
2018-09-07,103.05144546406272,121.77804920871516,116.07054218205795,81.54648064459597,98.53416407927037
2018-09-10,104.08041519984393,122.88835527413862,116.73392239075106,80.84684601949438,99.5991853950122
2018-09-11,102.80466373351148,124.8244809917221,118.55190450743713,82.6970493924796,99.61718318570779
2018-09-12,101.21495538438288,125.1806402196935,121.92728899089533,82.76252064468436,99.49274953573247
2018-09-13,102.00818571735904,123.13283324427131,123.71132099298552,83.54264646347123,98.94825034310172
2018-09-14,101.72746512919288,123.83419088976117,124.18022652910783,82.94960076778989,100.70101444638344
2018-09-17,102.8780035137451,122.84752468420473,126.03439112543381,83.32763424419089,100.06257321775655
2018-09-18,103.67001644590906,122.06473818537027,126.32785334033336,83.65538848566007,99.8151097133469
2018-09-19,103.61896583718347,123.05623737006155,126.40802637838631,81.77516741577372,100.07413202093869
2018-09-20,102.36497887653069,125.09868541115226,125.82404666661004,83.76911596381801,100.4445341835882
2018-09-21,100.10038830151451,125.19582835557979,128.61580381650253,85.08326353319174,101.03189287140057
2018-09-24,99.49000373323031,125.76106613262397,127.1807085073351,84.69474410080478,102.13775271534998
2018-09-25,100.82774452413588,128.60688742660506,129.947289300744,83.59140560644931,102.45815332331208
2018-09-26,101.212040010911,129.07370359199544,130.89565731811675,83.95676185356284,101.81920534494165
2018-09-27,99.38151078820543,133.50375582035167,128.37064259375217,84.06089950316938,101.67241557473321
2018-09-28,99.6993044254402,134.55197729963967,129.06988905039657,84.43648590396887,101.87037118172422
2018-10-01,100.33536212922544,131.5393698478897,125.31390738027486,84.64748666650881,103.14470394605783
2018-10-02,99.06533100752524,132.89336260037726,126.44888950410392,85.17864049254987,102.28996102297494
2018-10-03,99.35320263369968,133.61830373453265,128.05393570264755,86.67503060286414,103.03825904215704
2018-10-04,99.4995628942621,135.92546236448715,127.03040272294426,87.28324996126604,103.15979124854964
2018-10-05,97.85338695646958,137.18295741921415,127.28823223377937,86.2012984918434,103.68868976637012
2018-10-08,98.43725956394786,137.00462948030508,130.80879613692952,87.62799499770854,103.63560444416031
2018-10-09,99.32435329940957,134.89258295397443,129.92185313028446,89.37068577385831,103.12213191564497
2018-10-10,100.99754837616679,134.59348531350548,128.03477638216597,92.76897757455053,103.59703373969226
2018-10-11,102.65461826113199,133.1726133967503,130.72904900879178,91.5368266567685,104.0141761222384
2018-10-12,100.59484918622333,132.234171979117,134.3602079217034,91.82192580692926,104.63122376646243
2018-10-15,99.24010056893518,133.3120813785001,134.40746770141033,89.54610244032757,104.63333440715049
2018-10-16,100.06632690499157,136.27277720650878,136.3510645354002,90.15839987307861,104.26722947048638
2018-10-17,100.89755679498218,137.0400924060052,138.95273322259814,89.5833332127413,103.30247378559886
2018-10-18,101.73760112677701,134.9781214229432,137.55003605376243,91.66895410603725,103.82066374629298
2018-10-19,107.67815858212512,135.82576171182242,136.65674737245124,90.83519016722066,104.09509673720206
2018-10-22,108.66485206142616,138.0066085737843,139.05264670014222,89.01211005548211,103.50230682730528
2018-10-23,110.58099205710697,136.98160896038308,142.37464222669956,88.52653431806236,103.17819535249207
2018-10-24,112.22975757381084,136.81144723231412,143.53931407453769,86.44564259324318,102.89955718073517
2018-10-25,113.39367766165138,136.90597662724596,141.81434458535537,87.24208302171765,101.99425648831178
2018-10-26,112.92547078169768,135.57748510418676,145.80200165762483,85.09758567950317,101.50406246544867
2018-10-29,114.27883041216201,136.78787284795527,144.76190958200107,85.14366525407465,100.82368254752025
2018-10-30,113.02263428595359,136.6411916647308,144.12612556241933,83.03774381851592,100.58423899806238
2018-10-31,112.68895992479987,137.45474263057028,144.8601209601459,82.73518968281466,100.14848946764667
2018-11-01,111.93614659990068,135.93759988636197,148.05548112794096,84.3833191620442,99.18085180550604
2018-11-02,112.14077842289694,135.23249727815283,149.86999930940132,84.76538781941436,100.39438322221486
2018-11-05,116.10157709170056,136.5700761818729,150.78542280073242,83.904008453325,101.15891098545137
2018-11-06,112.91935153233051,135.97642914416795,151.80865862406887,83.88937208141905,100.69619833864505
2018-11-07,114.14948397844304,139.09716026951313,151.94668387033738,83.9242870448275,100.87085875241367
2018-11-08,111.45661340132796,138.4440614883688,153.1795721526517,84.41705387996436,101.13360621094547
2018-11-09,110.73448845661285,138.91766497695036,147.80084899819852,83.04930341754806,101.86647241836711
2018-11-12,112.60969495933237,140.6713172390942,147.231445573122,83.65646087008425,101.3763286273901
2018-11-13,112.78583907644277,138.14784900999348,147.77303748936214,80.95831416977953,102.05074891762807
2018-11-14,111.03019534355347,135.05464758588965,145.43612553799608,80.36257313484197,101.72546911273828
2018-11-15,109.90550880222307,132.44356422296372,146.26635150732247,79.90777834098282,100.92029428124482
2018-11-16,111.09182515316706,134.68366080933419,145.89152978002824,80.53105277227219,101.36886675866792
2018-11-19,109.94141381603255,133.78476106036766,149.520823730627,80.56902881952108,102.16405995761878
2018-11-20,110.36434511489117,138.3008784832109,152.8584688485673,79.22620442295937,103.76062408883442
2018-11-21,110.50600631596008,137.35556172095986,151.90749382415032,78.3056024629497,103.02409469779788
2018-11-22,109.49222363782951,137.7537784247409,151.63227876996183,78.50795667758173,103.46643051419917
2018-11-23,113.07909705744336,140.5842644592173,151.52078872323514,78.44916928352067,103.22237312575702
2018-11-26,114.2221893754467,144.32088280199028,150.60814375898372,77.91967745362159,103.71785623372374
2018-11-27,110.82097938838966,148.2607774524264,151.06453911374683,77.4856644236614,102.81313187614035
2018-11-28,111.19741772263178,150.66390095948756,149.50616503791483,78.14847803427067,102.04443729645935
2018-11-29,110.16030198377484,152.74499322451467,147.18454140739226,77.67862508996502,101.57959948173392
2018-11-30,111.63496286869791,153.99793754406093,148.51184529268045,77.6120471343593,101.63788425847662
2018-12-03,110.37484849830503,155.63319451795806,149.86529524933587,79.64852819281832,101.25709918549023
2018-12-04,110.25111314724185,154.5958347957536,148.22270857477872,78.30372717875917,101.66762848183039
2018-12-05,111.15239495962209,153.02876090080036,150.12514348653795,76.57931366782064,102.3042068879128
2018-12-06,112.66254784580897,153.0985622237787,148.84276126859004,77.31471063528392,102.68247313755106
2018-12-07,110.70171860368035,152.83639623161548,149.4149594801857,76.70054447450781,103.69006809481407
2018-12-10,110.21269170960284,152.01230778723783,151.17578731169,76.42297668360175,103.95913965076673
2018-12-11,109.49364430726003,153.4644869601569,151.1500003648264,75.72188173087252,103.21049035442694
2018-12-12,108.48630951473996,155.4470897120443,152.15762261144033,75.50095544082437,104.06509995446238
2018-12-13,111.42431552762748,155.70346696829975,151.10316800218365,76.9643494891747,103.6976525995794
2018-12-14,112.16804226611954,158.77205393199728,150.7328848283086,77.72056589936409,104.2744719326431
2018-12-17,110.11387982124133,156.49495172612714,150.3436876913572,78.54026000385107,105.26950120619807
2018-12-18,111.69598825109126,156.17921174148347,148.81738401289334,77.22119796161454,105.56848007089732
2018-12-19,115.31855084876948,154.8019156624784,148.49373026887378,76.16992055431163,104.63135364780159
2018-12-20,117.17367794400558,151.1230518486077,145.31883687650162,73.59012578713714,104.06537409165956
2018-12-21,114.57352964474461,151.0361789260767,144.3631980498934,72.89009457509646,104.90169201571318
2018-12-24,113.8100676589934,150.87264939556,143.83074948754395,73.74148282284284,104.80573464962171
2018-12-25,116.04116235369173,153.91648196262736,143.358047351121,74.21367595074405,104.86625379981635
2018-12-26,114.87900524081465,155.25564030208733,142.91636633340187,74.03124692374796,105.3541908680858
2018-12-27,115.71271566013893,153.26612796663588,142.8356616331129,74.02624215940789,105.80488947747713
2018-12-28,117.12666843901194,157.03696568155814,143.83725118190574,73.42910011190214,105.99246026643958
2018-12-31,115.5684202699172,159.60820070942205,145.6414362060284,73.62420905762072,105.87035586819353
2019-01-01,115.53457255158817,160.89580318191702,144.36027026520136,74.31558009016629,105.6823289860697
2019-01-02,109.98671674521457,160.50252665060708,141.97185673693875,72.88941643858699,106.23688569431553
2019-01-03,108.3626732750907,158.58087643232835,139.94327457384074,73.16608806311835,106.6003664008604
2019-01-04,108.0171564780191,157.8928434726203,139.03072674577749,73.99939262330767,106.4464567914557
2019-01-07,106.06023690365186,160.20656289445242,138.38744569177416,73.64558647069975,107.14822356654601
2019-01-08,108.72088199008188,164.21166640507224,136.9371528823688,74.27955767823389,107.07598373160883
2019-01-09,106.45382103954006,167.58821392707824,134.49342266695265,76.8032690355995,106.53953593923885
2019-01-10,105.81502707661963,166.60697781484797,133.67493717643913,76.72246327818624,106.0650275765169
2019-01-11,106.0860308587487,164.2653123044571,134.05457034623421,77.0999135992549,105.45277303651382
2019-01-14,108.4431669165603,164.64830036413684,135.21151658874115,76.43248393339542,105.29095996389476
2019-01-15,106.17259123276739,160.94540754843848,134.19689981422553,76.61401214906398,106.08088914147184
2019-01-16,108.08873643142185,161.70204092527027,133.46123650110633,77.05249402191295,105.57906595450261
2019-01-17,108.17018085281218,161.47261263287845,131.7697786417852,77.2480615798239,105.7090184299182
2019-01-18,106.64253343693701,160.5750712291885,131.75131132008423,76.31827734994553,105.30308141492324
2019-01-21,107.44571723508085,157.32645450279807,130.22589452185417,76.52253110419682,105.14914365806844
2019-01-22,107.83100634187423,158.4555552194348,131.3098674403764,77.88052682082906,104.2069813304624
2019-01-23,106.92487509736821,157.4374607019562,128.0662339080994,78.31538280248593,104.07951228982523
2019-01-24,107.10098371071304,155.12172586630015,127.45986392973559,79.23510661860541,103.96895567230612
2019-01-25,106.54623232202434,149.40713319759078,128.03540929565722,79.0255976153631,104.31639160769575
2019-01-28,106.79158274301332,149.42839476409992,128.4033425040062,79.75253850975452,104.46657440197053
2019-01-29,107.91630743338116,152.9458302071921,133.2829868417901,80.03575684571926,103.7258695389065
2019-01-30,110.548413392726,156.32537782915455,133.97568522684702,79.13848167776962,104.41099855955625
2019-01-31,108.56216434873814,155.4746158328723,132.13261329577603,79.45679659853229,104.55318736199033
2019-02-01,112.10080244405903,154.33518018723802,131.99565791354607,78.52712347695898,104.68809872816371
2019-02-04,108.88560379400951,155.35287644795184,128.75286136328612,77.94644969175025,104.69279983933009
2019-02-05,108.7030269804877,153.41422623901434,128.6462029448354,78.13912861424367,104.37803625858987
2019-02-06,109.72752671421966,154.09282257248188,127.18442382569202,78.43347334205649,104.52487674530873
2019-02-07,110.25585137034881,155.70448612514247,128.85250653965838,77.32985244255927,104.83359416886482
2019-02-08,109.29216089558511,158.26584546095705,127.89982730605449,78.32337318299332,103.74527740451055
2019-02-11,109.01654423504247,158.13891577901154,127.72911648773007,78.87665539201004,103.42028857710004
2019-02-12,108.27577528856622,157.79927153856787,126.63092584084433,78.22539125956087,103.27243047045175
2019-02-13,107.38353186395098,156.0770860103586,129.75160811078365,76.79769827024892,103.44148987988962
2019-02-14,108.8164610909264,154.47738256357297,129.20698887624832,76.67951775219568,104.19246123893664
2019-02-15,109.46448839364157,154.09980499130577,132.56065945835792,76.28451666866415,103.72042303559226
2019-02-18,108.39243217145398,154.9127972822932,134.1113705789936,76.40334395298143,103.42090219745062
2019-02-19,109.92011490794704,156.83009103098493,135.056712803356,76.0857046958841,103.11320384689016
2019-02-20,110.49274295658054,155.27099191315864,135.79442823209376,74.26805659806682,102.6276267005507
2019-02-21,111.9062690796947,158.36165346047233,136.58382326587204,73.9368089406652,102.42410390712561
2019-02-22,113.03030406021213,157.8826717244102,132.93875394036647,73.68043828056925,102.90803867754768
2019-02-25,111.69259887041446,157.9177572285221,132.45959381376574,74.25543543254537,102.26764061791506
2019-02-26,110.82109328647371,156.4627422040386,134.06662163391147,73.64814506934663,102.54037679486487
2019-02-27,112.12982435733186,151.61003094965204,134.0150648976606,75.14645000878588,101.50354865693976
2019-02-28,113.22371291178615,153.4282279138684,131.41883689794912,73.43764328589579,101.17183221999628
2019-03-01,113.25614879841727,154.97462652176586,131.36184550181414,74.60779942645324,100.98193918601865
2019-03-04,113.52342320142854,154.48533160479596,134.53521629309668,74.42188964889668,102.00682084574919
2019-03-05,115.76721064546238,154.69711235174242,136.92408871099406,75.2044371929874,101.84883127102033
2019-03-06,114.80940242810188,155.8120469005802,136.84630814290315,75.29149518877563,100.51385170346381
2019-03-07,115.8204669205904,152.72492783564283,138.71019452865488,76.33613956970945,99.31840694969846
2019-03-08,115.53868848955067,151.7508963839641,138.0400719457343,75.99657019374217,99.34861737622408
2019-03-11,115.2307526916989,153.39366673443965,134.78864817727208,75.00987289668126,99.724415953413
2019-03-12,117.19908439873441,150.96916286884684,133.08457948016337,76.30349702370933,99.95904109171734
2019-03-13,118.72047445461078,151.62078398882645,136.03645437744402,76.21485008161027,100.06953787837554
2019-03-14,120.24041048867444,149.02267642291514,135.55544265049312,76.43272560184553,100.77738551706597
2019-03-15,122.66712434981517,150.00080013762638,135.13422096047321,77.58051759775637,100.46119170077456
2019-03-18,122.77937183722591,150.00629927647992,134.60750361181215,76.63531823944308,101.01066050548899
2019-03-19,124.10898582190013,146.93166312099822,138.23624088291234,77.19827291648227,100.03165616259169
2019-03-20,123.6058478259673,149.22991112844605,141.42444203123316,76.66724629424847,99.49851874539068
2019-03-21,124.28104418720265,147.87942661963365,145.85992595491717,76.56098301700645,98.4296809446213
2019-03-22,124.11299809335705,146.39571067750643,145.57890741612957,76.64270019730512,98.27720630119143
2019-03-25,124.36804279248615,146.8506206450375,146.22509474943595,75.27825608506873,98.25975548266337
2019-03-26,125.55294133427846,149.11686135493582,143.16416547099965,74.58975780399005,98.33685096656995
2019-03-27,124.08732289747144,147.2222296881683,146.16733190462952,75.81399015339844,98.38319713596766
2019-03-28,128.05635632377806,147.41388918829125,143.82150500653822,76.63538123197387,97.84550148248502
2019-03-29,126.20078633347373,148.30937173768933,144.30112928764595,76.59310341355608,97.7436007676889
2019-04-01,123.97803343990941,149.71984916665204,142.12763171172577,76.83188099664045,96.87518015168304
2019-04-02,126.20612488900207,150.13812753079225,140.9985505365477,76.57596091071322,97.6772459850218
2019-04-03,127.78053877629922,149.49683325190628,139.38811105295468,77.83785621879879,97.50906955796074
2019-04-04,129.05346259682335,147.96319414470824,138.24369930549062,77.66628360832166,97.23279548139003
2019-04-05,130.34724712954724,148.202875354971,137.2417479792018,77.89789262920443,98.16950142086458
2019-04-08,130.4015104809227,146.21135369601393,136.229485354704,78.9847522051488,97.44761403396471
2019-04-09,128.7247015073008,140.73170945830267,137.85969929933677,78.263743226367,96.79924412346936
2019-04-10,128.94830511510088,141.60076681079042,135.76863247526583,79.74335609276632,96.17224425484135
2019-04-11,127.71589127334502,143.33553946057813,136.22855957630583,78.29477521378404,96.14269742067452
2019-04-12,129.66059509588413,139.0042086906637,138.59231963735783,79.84154374083944,96.40130106540923
2019-04-15,129.4523782389595,137.2490721662237,137.63814628902585,79.50045212234068,96.8387752604721
2019-04-16,127.92711103558712,138.42241522436626,136.2960553785953,79.28481629058552,98.34287239712944
2019-04-17,127.38715786845233,142.19407183097735,135.89706983609312,77.5024839433287,97.0254127915126
2019-04-18,128.25262262849327,142.3036065124096,138.18233574343586,77.09501179674446,97.38949226368582
2019-04-19,127.24508691701261,141.02799154251468,138.59930188578954,76.14846403779362,97.07367923138787
2019-04-22,125.75208138368097,140.7631898075452,137.61011865097416,75.60843770006075,96.74183374295306
2019-04-23,126.28719524328658,143.34948727700512,138.58361021392335,75.49897697637216,96.39176057318704
2019-04-24,126.82700967833782,142.21737978024504,136.48655053810037,76.38182421635845,95.87581229809618
2019-04-25,125.93869457900742,140.81092155948267,137.82944623285542,76.58738605352265,96.85443100044954
2019-04-26,125.12442855616064,139.99764473720322,138.65924873198654,76.88547333833759,97.35359781359637
2019-04-29,125.63502995041983,138.3326146819532,138.10331962754572,75.89009611185264,97.37688244518193
2019-04-30,122.98145917416885,138.6223819615147,136.52338986762086,75.10318798094472,98.17596634609555
2019-05-01,120.45886881905918,141.6195115243454,134.86960929120596,76.73928841669212,97.2948199859621
2019-05-02,119.23299946732575,142.2851275550579,135.91989864672522,76.0776106233641,96.52772517071726
2019-05-03,118.92279010511074,141.88949016572835,138.29927529103884,77.60483054362336,95.27597231913046
2019-05-06,119.54875370665934,141.4221705325877,137.1068162799059,77.39399883192154,94.88567551417607
2019-05-07,122.26613791402872,138.61897373526185,138.02781950647565,77.41160250201455,94.98722132534365
2019-05-08,123.9124385433828,140.2796882451778,134.03627881152516,78.42138901030364,95.05534155051981
2019-05-09,123.68951040753664,140.20788137879953,132.9794499031452,79.63399613290701,95.1500215628565
2019-05-10,123.72844253210178,139.94902413738131,132.96152094080765,79.54402956817268,94.35396403759867
2019-05-13,121.94205864443104,145.8283383945625,131.30806892733838,79.18934937093886,94.8180844362098
2019-05-14,121.98136093089455,146.46761888658742,129.6258695374519,79.15204759359298,94.96389237819916
2019-05-15,121.52638514315402,145.10938311093076,128.45289621898056,79.4888783674226,95.39107089479208
2019-05-16,122.18758327508728,144.37764746147565,129.0168941187533,80.35496090734439,94.31729433546472
2019-05-17,120.7447355780069,146.60536485171008,128.71723867312545,80.37511058137528,94.5029999149705
2019-05-20,121.75780778238486,146.89454618236522,124.7224686306099,80.98810225918245,93.83896594476042
2019-05-21,124.63020641630351,144.22141597363915,121.05689995553168,82.59655162604813,93.62464342236352
2019-05-22,124.5016625438726,146.01696916275486,120.06470398580542,82.99100924527258,93.9341842252593
2019-05-23,125.32657020036915,144.82169278098874,120.87005145962029,83.31798006776974,93.99491846523254
2019-05-24,126.69916683387257,148.42092764283015,116.2570377508976,81.8160126815884,93.5240753712636
2019-05-27,126.01267184140346,150.57906067221035,115.47855476286514,79.249545681285,93.53694792559159
2019-05-28,126.51185683009582,149.77870516128314,114.6624135424464,79.6347387915628,92.68677078621525
2019-05-29,126.61166026426669,152.34789114922813,116.92547451297067,79.56005010465115,93.33572688609277
2019-05-30,126.8731312555063,152.5584544659149,116.33028814287137,79.08448848976141,93.2300984597147
2019-05-31,125.47814255772633,154.3260055336641,116.98893229462064,79.33141892701798,93.86511659817087
2019-06-03,125.59956181035766,155.3756579692047,117.25538628227856,79.2897822482553,93.57796536061927
2019-06-04,126.6131470548849,153.74380391029362,113.7930773599051,80.3786976106647,93.29335210291477
2019-06-05,129.4451228282905,152.53443242230662,115.05104856834163,80.47783110347618,92.87492015637585
2019-06-06,131.3853838506104,154.6530579919682,115.43250619626197,79.77259747789931,93.37245515208605
2019-06-07,135.7076656361291,154.05732214590702,116.28852606870129,80.73640959119534,92.98434442407438
2019-06-10,134.22706603814413,153.32594578962014,122.71548216879764,80.54219227229159,93.35326656072806
2019-06-11,136.06393787344015,151.49882281580605,119.17175587374109,81.06720173652305,93.14838280362567
2019-06-12,136.51976976533984,152.40884410439665,122.08499919392548,80.61898697650905,92.0533509267207
2019-06-13,141.08595251131416,156.5715600318676,121.63032227124361,80.00645015127752,91.74756033569102
2019-06-14,139.46001108028204,154.47695699287146,122.15608206929032,80.10325945705985,91.1076532794872
2019-06-17,137.78707282570693,154.60283299493668,122.11489452790063,80.13161150289841,91.13529683038205
2019-06-18,136.6309166980675,157.51846729428595,121.42625094474973,80.6090295882382,90.4934813860258
2019-06-19,132.36004795133303,157.43414165946436,120.49398135406054,80.36528811242826,91.00529899740705
2019-06-20,131.39562958189904,158.43870268118994,121.08598302062863,78.61040617284132,90.96466921188956
2019-06-21,129.97826624963272,156.32970675215626,118.55039025689138,78.21788188483733,90.87683591331124
2019-06-24,130.34947206369594,157.27831420331475,119.831695719166,78.978615050427,91.24355600999789
2019-06-25,131.09589741219162,156.97431481175087,119.16941928987454,78.71257456278413,91.78038214356553
2019-06-26,134.86392944862283,159.0643477477528,117.31979421919125,78.49559541439916,91.77849215507172
2019-06-27,136.8675162081832,161.5992001632467,116.6158543349122,79.44040906708838,91.3629924004342
2019-06-28,135.76524616127907,167.12012813651475,118.70328851052521,78.77758381588264,90.39967766434151
2019-07-01,134.0171029738181,168.46297701291815,117.84925500310386,77.33487961460729,90.03660557072187
2019-07-02,135.08639696954117,169.26070852751118,118.47601866563318,77.20127793103984,89.71217905764978
2019-07-03,132.4922656012835,169.7730600017258,117.29915042011687,76.76817201329817,89.77877641990935
2019-07-04,136.21157277929487,169.07849094286752,118.57899041237529,75.89340208351642,89.60183310950902
2019-07-05,138.70310063059915,169.9070245753325,119.75257952769758,75.74885995188946,89.98063362493363
2019-07-08,137.81018072566792,169.33949801714311,122.88776477010497,76.21078163314614,89.65869194939361
2019-07-09,134.3515561481824,169.79502002919236,122.62258584782333,76.2175291270248,89.63697240014474
2019-07-10,137.16058998629867,172.78829703854353,123.80726316036348,76.51354069903712,90.2827103959925
2019-07-11,137.00723104901363,170.6137471022936,124.0143859707642,78.1938463321086,90.47690410781738
2019-07-12,139.6332821694048,173.22728035907008,126.30148469309957,77.8877528972411,90.4533597328148
2019-07-15,136.3775346310194,176.27997739270774,125.06832076930094,78.16348984391442,90.1357176859149
2019-07-16,135.2332418325503,176.09754685690996,126.41031315377249,77.70149981993237,89.80227065925854
2019-07-17,135.32501861533112,171.32810087781593,126.10367180130639,76.9278790844276,89.35292887691682
2019-07-18,135.50157837238692,170.05998410088614,126.02818179537219,76.40331619739233,89.07182088180316
2019-07-19,134.66811059306508,173.01238342850914,126.22787783297412,75.97965195036561,89.48457925730213
2019-07-22,136.00708181300476,173.047455666708,126.71150297554962,76.3226020325422,89.37439424363555
2019-07-23,133.91062697582845,170.8859321809123,126.54333063203478,78.48931746990043,88.659520780406
2019-07-24,133.7049814603985,169.85000901857956,126.96168092983046,77.83059420628929,89.6089769855719
2019-07-25,134.02646632739183,171.7910651711678,129.8048167322228,77.45704598396142,89.7899684039675
2019-07-26,135.14110849324544,173.0979719503533,131.63458379900402,77.41386552760775,89.04097097993842
2019-07-29,136.6647195100197,172.646858332927,133.27582541670822,77.79703212691327,88.81381913198861
2019-07-30,134.44123490127294,171.90987769271828,132.46583447556247,78.05863318515529,88.88178997279414
2019-07-31,131.4281765883151,171.1203203902304,130.85645782885106,79.27706206244508,89.79972133034589
2019-08-01,134.0258745188372,169.1539199084918,132.64581622718055,76.98463065769384,89.21165216275293
2019-08-02,134.77437018460495,172.79070955842832,134.31246515792515,74.79494461027141,89.7430185588804
2019-08-05,133.3420827833747,172.15308313966452,137.12193130103515,74.36483343428615,90.50555767906836
2019-08-06,136.52459555999053,174.96314837762205,136.00360202180713,75.3589129490622,90.17322798402753
2019-08-07,136.84339680727723,178.51089515139378,135.60733088685788,73.95815832698037,90.032099513893
2019-08-08,139.34618833304987,180.91687243585065,132.53544808776505,71.30368257342477,89.48129614012406
2019-08-09,139.57092269144772,179.99219471033106,131.84698004754546,71.80666965082182,89.38100847002998
2019-08-12,143.96897258471654,181.02687825307996,133.72606151270048,72.03098554999747,89.370323878037
2019-08-13,147.84607323260548,181.06045097600548,132.89282307426146,71.10304631514761,89.7329797142734
2019-08-14,147.3826553006201,179.023860537622,134.1243032746714,70.27636850990497,90.32890547998431
2019-08-15,149.6189754922695,179.86825712848596,133.80682521656314,69.47262297959242,89.93249017826537
2019-08-16,151.1571542033291,177.20125743687657,134.45402185402432,69.57866764542989,88.87992477518743
2019-08-19,154.35102526669297,180.02581571946928,132.3339939356692,69.06964518964546,88.87748336136131
2019-08-20,152.20958200018663,179.02846822406326,132.53155962892552,69.49295695369912,89.04290437131179
2019-08-21,153.86726183874146,179.58615542394742,127.02144028281506,67.1263381714407,89.18506191362724
2019-08-22,156.402435360664,180.33731803813905,126.72718924619706,66.4495555023382,89.01917417699087
2019-08-23,152.3702097392573,179.82051372555924,123.87245332453082,65.56493599134842,89.09470806774215
2019-08-26,149.75723164884116,181.28191853257348,126.0010680529764,65.37636545651304,89.91372621530643
2019-08-27,145.2662395033716,180.25337069396113,127.4102265680402,64.96733344689903,90.1286564372587
2019-08-28,144.7663634810296,182.3852029509698,128.280870813641,65.60233230823268,89.93576213589269
2019-08-29,146.41136304435153,179.2850674494994,131.05097912154676,64.15173082948601,89.67484168071084
2019-08-30,149.79864201882825,179.66926361198597,129.34930426706134,64.19958145898718,89.59242026517583
2019-09-02,150.055010666353,184.28785553472943,132.5523920536729,64.64256095148097,90.48121647435318
2019-09-03,153.81077251868413,181.98346357223167,134.32205687501855,66.09571080467168,90.39075296892935
2019-09-04,150.71894191056242,180.47105640100577,133.91750919366632,65.72681797522151,90.38905668999173
2019-09-05,146.95839329177915,181.76698333197555,136.0867963474368,65.99587091836182,90.13652038342644
2019-09-06,146.9241203190407,182.28221332758054,134.0198952274043,64.58050014039691,90.73988525025946
2019-09-09,147.8587019646873,183.20423163145742,132.5130829743922,62.739731504563466,91.81597168441279
2019-09-10,147.87490414065226,184.46090872720825,131.42379149238218,63.38829046108613,92.07339413150454
2019-09-11,143.3777870477405,186.0751960670063,130.4899350457078,63.396738629072594,92.12832856407958
2019-09-12,143.27214620926486,188.85257266871767,128.59890009175984,64.30598430839277,92.15787384257716
2019-09-13,140.55469732196258,189.95313795500368,130.8394996818778,63.259029209728155,90.8486937645039
2019-09-16,142.05091447644023,189.45235509282523,130.4045942084946,63.6663430711379,91.26395452994694
2019-09-17,142.91727926667883,191.20355000203426,131.0872713297279,65.10684591303448,91.34654827153328
2019-09-18,140.98815370574405,196.02158599401238,130.0798762506139,65.44777578268291,91.59044833320489
2019-09-19,139.98600937908105,195.78160878182027,126.80336628497375,65.67808507020216,91.2086285300687
2019-09-20,137.84587487456454,193.39916569025638,127.32082584473608,65.6979640512672,91.007354684959
2019-09-23,137.79898157448974,196.27927548439635,123.95044373474337,64.47265908208874,90.79201766734325
2019-09-24,139.85592554879094,196.07024686278237,123.86852778131734,65.53432231484466,91.35762814122592
2019-09-25,137.87194467590308,190.6303358811169,121.53281196803414,65.06704348184199,91.15914830219674
2019-09-26,138.99707594223202,192.82572667538307,124.950541176428,65.47395969828558,92.30738546402482
2019-09-27,137.97491031104943,191.58021393465782,126.5822800535935,64.25899794787944,92.55524690293511
2019-09-30,136.41674688844407,191.45052702892866,126.80766652193796,63.36235899353447,91.85607568623122
2019-10-01,136.27958593372765,192.37250381270192,129.08917655135664,64.46619774105258,91.79441474554703
2019-10-02,134.24511775968213,192.9450997694783,127.59840004745575,64.21041988417026,91.4446733683661
2019-10-03,133.21079408742946,194.8210805906769,128.60753895594925,65.34304711043582,90.24983030651516
2019-10-04,130.89716658450888,193.81554610211217,129.00588101157203,65.29477376417381,91.12496717509863
2019-10-07,134.8333591797015,195.20527632142478,129.52142478063624,63.86463713834242,91.51852271829142
2019-10-08,134.98557974274365,194.64423550767648,131.86743974228884,64.56106894848695,91.8204646467836
2019-10-09,133.6497782902318,196.61102524151661,133.25928598936179,64.11697221909101,91.92077133890628
2019-10-10,134.15894367162886,198.28217516925469,133.83791530334673,64.66736934848757,91.16774669053139
2019-10-11,134.0133918504636,195.97006558931352,130.77725309456682,64.699866668151,90.91232175595529
2019-10-14,133.64960660263458,198.83471044707153,129.0587552277315,63.51473211827145,91.38058245600175
2019-10-15,134.96104343433478,197.548742028842,128.87575958314721,63.652656720826464,90.81335392258171
2019-10-16,136.57553052475845,199.7227168198379,129.08289041024796,65.34293250516808,89.44292448017185
2019-10-17,135.5706737078898,200.7762012393655,127.07915578790427,65.74255926228517,89.32999061960221
2019-10-18,134.48105510985215,205.6744153054779,131.40791323816302,65.71033140271048,89.26294441283495
2019-10-21,134.00690510627743,205.17975645468573,134.23706211040127,66.5714075247627,89.34447544549927
2019-10-22,129.4602092830684,204.35060077592325,135.4089055502471,66.75301576126348,89.74394458938626
2019-10-23,126.59553112839734,204.40118677062134,135.58609027755207,66.93421086571881,90.09624654794169
2019-10-24,129.26709105516753,203.69777336759626,135.2239499209252,66.07079287437647,90.24514130163101
2019-10-25,132.53425417786033,205.91792524951754,133.4624066675656,66.26941332666365,90.90151121005168
2019-10-28,132.11868764387685,201.69412896051767,133.64721570016513,67.10608594219588,90.08214146982269
2019-10-29,133.3405680961262,199.03219577449838,134.1695805954913,66.44624885580221,90.36387254633878
2019-10-30,134.04310652338648,196.36885879061333,131.87734053109656,67.59536695156486,90.71260753045324
2019-10-31,140.31407361000916,198.8929838453754,132.53388789369845,67.53449919671006,90.0470152282058
2019-11-01,142.7546438021994,203.41540730972017,132.28556886486663,66.82854526418305,89.24404585421235
2019-11-04,142.56638413536265,203.24090946905926,128.79199882242708,67.64195457814948,88.8535448987591
2019-11-05,140.60850478317116,202.89648067652325,127.27928654794174,67.42269109706011,88.50974843965945
2019-11-06,137.3046696594534,203.18270230253427,126.58046249301951,68.05067808699064,88.91870921760827
2019-11-07,137.80610007090596,206.35325010620355,129.9636579056862,67.82603574945293,88.5997371160702
2019-11-08,136.32533753354818,203.96871639918345,131.01529052142337,67.79090771480509,88.1533635681851
2019-11-11,133.49879448077965,204.70275835807436,128.60503602791698,68.20597262751275,87.8386734775735
2019-11-12,132.28414324861305,207.40024311914277,129.51871154188538,68.45770482300715,88.43701242696862
2019-11-13,130.21743896895657,208.85499492542672,126.75189968919511,66.8320820568786,88.4527772305825
2019-11-14,133.59099837579365,209.47415830133434,128.71118932909545,65.94622782956499,88.36649100222007
2019-11-15,135.4378400048992,212.30490812008242,127.90085648628589,66.69491006637995,88.31700285185332
2019-11-18,135.50290574911628,204.95023728744073,127.77156066090186,66.60249499343402,89.0104999295274
2019-11-19,138.59225846005532,206.85881160474352,130.18147962395653,66.19723375478385,88.61929608001222
2019-11-20,138.8362535424831,205.203323869899,127.8746260575748,65.13126710160073,89.32763452200342
2019-11-21,137.1258932183924,200.42245011396713,125.41180492867822,64.30039821813723,89.4493861042054
2019-11-22,140.34106499799407,201.85459554654264,124.42476504194585,62.753228805783564,89.37223455139436
2019-11-25,141.55973777902514,205.56015361500388,126.27089309533488,62.689511146173224,90.72223817019598
2019-11-26,139.44218921741123,205.2956325006581,123.62288576106455,62.25185993586497,90.15669053072077
2019-11-27,139.12773590147077,207.9413530941119,118.75830315531393,61.54224757978829,89.9743833743514
2019-11-28,137.38387076640035,212.40369496355385,118.04382659956654,61.50424640493222,89.31805736791843
2019-11-29,134.61668539584093,216.14070176156469,118.99105408192267,61.7851761265827,89.83742149120589
2019-12-02,136.56763968012982,220.85679220759675,121.02623714900615,63.349476396720696,90.75691950261947
2019-12-03,140.56104812026243,223.09797126583425,120.27777954430678,62.21282201597348,91.67533747925492
2019-12-04,137.69662288848912,223.4282984449211,119.62106617567902,63.09080497832327,92.3577405030147
2019-12-05,138.94202530245826,218.88699415239498,121.58938420082772,63.840148269040185,92.2574655977683
2019-12-06,137.669366573113,218.29625923026566,118.44309062975992,63.2560675467283,92.06451410283408
2019-12-09,136.7460345476883,216.0123988541204,117.83437713753722,63.42298964749226,91.1505879557163
2019-12-10,135.6129693679698,222.21676212790808,118.18386617713843,63.087380619400705,92.2731294329237
2019-12-11,133.9368118428486,221.81976842431368,118.9625870103602,63.24057336931923,92.54200119530417
2019-12-12,134.11465641223964,222.28595871075188,118.14920486310272,64.3984812109186,92.2780953365529
2019-12-13,132.52348636571435,223.99073861197274,118.24161811862982,64.87936236628067,93.02262650737238
2019-12-16,133.14062867949002,224.22969905546606,114.15795666659581,65.28831648214836,92.48899410808997
2019-12-17,133.1201820545618,229.28286410582652,113.14018394136089,64.9642440926478,92.72389138506541
2019-12-18,132.72292205128795,227.5415887609816,113.8924668247472,63.82030950833675,92.63712270361664
2019-12-19,130.9957382869128,228.23101631950448,112.36037209487566,63.673419501606354,93.00137769133752
2019-12-20,129.9410169358271,226.1422192149686,112.48686505370158,64.6081005921312,92.97520326873251
2019-12-23,131.4913261070116,222.37462366326093,113.22435312693374,63.43701323825426,92.17509889543334
2019-12-24,132.55821488173368,220.71726599742715,112.71533166933405,62.64652002230311,92.226113963073
2019-12-25,130.69400513768113,220.72135404281013,113.01814059563162,62.75397213750147,92.81573255775157
2019-12-26,130.9671535933053,219.599884532074,111.5287586159397,62.02503094472862,92.80874367833509
2019-12-27,132.52183937738127,217.73296210037753,111.23961384995678,61.447560454936635,93.2496493165475
2019-12-30,129.28286260319993,213.86120691018385,112.22330868909323,61.14750077351522,92.67400273414387
2019-12-31,130.4141397371944,213.73708775881562,112.50360003246438,60.15768117832141,92.66866797745354
2020-01-01,129.1961556086515,209.66296714441737,111.61353480146836,59.466501777114814,92.33069953218497
2020-01-02,130.37946061768145,211.8394212790482,111.99737705811599,59.98035984703469,92.75374818316223
2020-01-03,128.96498853692927,212.17237285386418,113.15145818163232,59.051357799107876,92.78054932059622
2020-01-06,125.55086853871077,208.25818095771473,109.93804979107816,57.930889841092345,93.17397986410145
2020-01-07,122.56110855993639,207.52517088920737,111.75499999772084,57.50450112682239,93.7913751181567
2020-01-08,122.72304539059031,205.5997454487792,111.26243242123263,58.021090859274096,94.18996139897587
2020-01-09,123.27478826334051,206.55563389675055,111.9585857801618,57.89558766007843,94.35373048381656
2020-01-10,121.67656152905704,210.25832040431033,113.86876236950943,57.58440044321137,93.79805555443359
2020-01-13,122.91509348501073,205.23793158334297,111.71625199032209,57.62656982041183,93.80586736941034
2020-01-14,119.92545413438658,205.64745083844534,110.6401816087267,56.43090555918753,93.51520591086286
2020-01-15,119.87853965893889,205.3221728482137,110.22642254160424,56.777191996632666,93.33150616090774
2020-01-16,117.77284397977164,207.21676697645748,109.05002561333568,57.049791807786875,93.13110429313453
2020-01-17,116.69197880279101,207.89468826838373,111.7314689134749,56.780990207360546,92.5928480981365
2020-01-20,116.8449596613007,205.96634002499798,110.42479069020617,57.47775508364589,91.51469405498449
2020-01-21,115.40704216271777,205.21503636681277,109.59907221160485,56.71157929906195,91.15697608447391
2020-01-22,114.81058011941283,203.1940097080091,109.94556380854314,57.490507618678066,91.27185909852804
2020-01-23,116.61246238542304,206.13790337742492,108.12815337371318,57.6085887513091,90.54268253245714
2020-01-24,115.67333814132593,206.29808313058538,107.56161267409607,57.38745063213761,90.56025627125987
2020-01-27,117.19275158812496,211.49998809592608,108.0719221441004,57.38524215504107,91.60184506982571
2020-01-28,115.27716541729845,211.43895119177816,107.6007236288417,57.322854228742905,92.17328846276402
2020-01-29,116.26244657439355,209.59746847780883,107.49232493559953,58.173719982658824,93.09144954533444
2020-01-30,118.8462084634766,205.5777480510768,106.72798468105813,57.43374156578329,93.31922265641653
2020-01-31,114.51133252590868,200.86162680224112,104.49709398104818,56.91969631905545,93.98226123343112
2020-02-03,113.21123626161176,196.82556002199846,104.99892089364826,57.638912809255146,93.58342040501879
2020-02-04,114.25912873732213,197.60747838687723,107.61014567260587,57.23852875736986,93.23098135050368
2020-02-05,113.97968738101345,199.0131444234967,107.67015154667672,57.868518724447014,91.70806807178982
2020-02-06,114.68262155273628,195.0218404596285,108.04201169512973,59.060218544236776,92.36991353785612
2020-02-07,113.71243205679409,197.3885276306674,109.12222853877572,58.7872693627317,93.23282808622739
2020-02-10,113.92835454590053,196.24766266776504,107.21579479184165,59.27969198411625,92.93270569493596
2020-02-11,113.73067078960095,196.72028771057458,109.80347000130494,58.470861645525716,92.8003964503574
2020-02-12,115.79109875020421,200.94168243039312,110.1474406973031,59.012114692861964,92.38992427188589
2020-02-13,116.30246844431636,203.384914484605,112.69691298377693,59.16513828940324,92.61128326017331
2020-02-14,116.96121026967373,202.77661086465656,111.5741742777208,59.51281982162342,93.24563306810933
2020-02-17,116.30878256923725,200.52873096180656,114.4475291391363,59.063684612728764,92.27992237542875
2020-02-18,115.52787454435295,195.0194847752832,115.72386823175076,57.89818086598139,92.51584810261735
2020-02-19,114.84760334824622,193.29375869036065,116.65458452452906,58.25940905094713,92.37152054578772
2020-02-20,115.5960401580711,192.85987352303525,117.07178125676245,56.82850915318954,92.44360417228627
2020-02-21,114.93543569790359,190.48126831603497,116.69956315898187,56.62346019078209,92.7074348915529
2020-02-24,115.50397795079763,190.25148303382122,118.69599430936357,57.274300570166446,92.61201904300826
2020-02-25,119.16903605885527,190.53668417652713,118.96484526803484,57.417645133518,92.56371991907125
2020-02-26,120.79770384841575,190.0749894471328,115.72436472075364,58.771559621469194,92.45419380442011
2020-02-27,120.27943905942841,188.5638869038782,113.94908232039052,59.506281097547166,93.00169803683079
2020-02-28,122.5188267740879,189.07159719370722,113.68678970426956,59.05124961810746,93.24467053080461
2020-03-02,121.84238433108237,190.25239251052994,114.21429479008836,59.08241453856934,93.37740443366272
2020-03-03,118.19054046773478,187.6506552742131,114.15807407758425,59.060645715660485,92.67467313684953
2020-03-04,116.47426080313363,191.18639161474113,116.140496507883,57.951125269449186,92.47343208041214
2020-03-05,113.27565876784608,191.03695159007145,113.00291150765875,57.30874938955382,92.9812975529885
2020-03-06,112.7463553410484,191.17928273444457,113.26397434946549,56.93457306400491,93.01162614043797
2020-03-09,112.8451522311267,193.03501940679672,110.41519180884076,55.5547838386864,93.38899186991569
2020-03-10,115.75052667811005,193.71678236201765,111.62268926993929,55.59755666780377,94.38816730605612
2020-03-11,116.38760722959734,196.21394205754814,111.5085637764863,55.44250274716791,94.98579886334012
2020-03-12,116.07493099957304,197.04443996466193,112.19707782019306,54.34059815108709,95.0483897579896
2020-03-13,117.5886738922708,195.57415625115135,110.87378493094351,54.61504829727173,94.76648241010014
2020-03-16,113.75916006486698,196.5910530392889,112.8930747416531,55.09514040124315,93.32401358107344
2020-03-17,114.22946527434816,193.76634615249316,114.57339166911306,55.25626138719121,93.23905984168134
2020-03-18,115.61883573695751,194.1366871534296,115.54378478640743,55.052431089909234,93.06600115602588
2020-03-19,113.12392073429352,194.14989041313416,115.3689391412753,55.45416551576305,93.29328668033472
2020-03-20,115.13258421258313,193.72168911291706,116.34011510102742,55.91790897835101,93.21646606223224
2020-03-23,115.7862432552333,193.49484340767935,115.22365765742579,56.135364938121135,93.04659673071944
2020-03-24,115.1344455898883,188.85792570650227,116.6383482877893,55.59111309578155,92.06249930213265
2020-03-25,116.29635109724445,187.60515104718266,119.36683797092256,55.78674985165566,91.55249082637194
2020-03-26,120.32722831528118,187.92538998483928,121.19178358371576,56.59821096186713,91.82347761569622
2020-03-27,120.72767658819939,188.40988665233155,119.99023557406825,56.204312956156066,92.77802359920526
2020-03-30,121.2496196141333,185.98697755703307,120.63336433130254,57.63051268890287,92.73301212743715
2020-03-31,120.48690937087886,189.14023833111625,118.48561013087942,57.27853022891196,92.92467887821742
2020-04-01,119.02327469365555,187.1050377263216,119.47063602745584,57.31226064807653,93.46502370734538
2020-04-02,120.57712797817963,189.55666448420664,120.26015148689571,56.86122306308143,93.01962888388951
2020-04-03,119.1011123194166,190.70415081464589,117.14812798491441,57.02494074135096,93.23365628383277
2020-04-06,119.30042726366842,189.19740589541226,115.27786118918554,55.84414466412936,92.82874804912906
2020-04-07,118.51723645775536,193.65849940037464,114.85548949743709,55.48939464659279,93.31971434337845
2020-04-08,119.4398572786272,190.75027572040412,114.40617063489525,54.77327879406548,93.41381964992621
2020-04-09,120.10930950651577,193.124926714858,112.5032897409508,54.87318855055189,93.59043817544394
2020-04-10,122.05064818657337,195.73357520719043,113.14970014155237,55.538985168340815,93.16033474537412
2020-04-13,121.19016109449525,194.12502441012006,113.58200333982668,55.98063530191223,93.56485500663156
2020-04-14,120.77228238789841,197.73614760707318,113.3071612600677,54.39862745608532,94.74454666536481
2020-04-15,119.07163283922881,197.19225363212485,112.14224115702167,55.74253661704456,94.18105630005897
2020-04-16,118.34953495988145,198.03091567471103,113.82234497400047,55.95120095919602,93.99848123232275
2020-04-17,119.09034474923727,198.80010416987423,116.49440415046959,55.44103848593546,94.13850558532911
2020-04-20,120.51404948599998,198.55239652862068,115.74070157468326,55.55666271368054,94.59210606936948
2020-04-21,118.91934975300833,200.74451576177935,114.78348698654332,55.68523626873165,94.28399331056347
2020-04-22,120.54189592126512,202.91563863626624,115.60727743402641,55.25076977567802,92.69076525634789
2020-04-23,123.06538842406279,198.40463818925213,115.06248839158143,55.393040508298185,93.45594021892823
2020-04-24,123.90242056141658,201.86807350987772,114.87245569513505,55.000322271970006,93.89172869963804
2020-04-27,127.46485517488554,197.60615483357788,116.0964382664612,54.74444185747455,92.91922773248706
2020-04-28,126.06187016499608,200.35744521765815,113.02789502195338,54.304551126901934,92.5897907177012
2020-04-29,123.78395479295865,203.392292855736,115.14787250538899,53.38180518150677,93.47023579451563
2020-04-30,120.55556976263912,200.60936487445247,115.29958297562798,53.485901711039816,94.29153805378935
2020-05-01,123.33325021992272,199.63829804284674,114.6699430190058,53.87226210897851,94.83200207609819
2020-05-04,124.61782581851126,196.86848421585884,114.56108934659257,54.215891889921586,94.74127870808834
2020-05-05,124.5886939014369,196.41687315099907,114.5351997971683,54.76017081455583,94.79792684100904
2020-05-06,125.18666100007624,195.72854088557466,111.79359153659891,54.98425395234806,94.73293766431748
2020-05-07,123.14832975932468,197.81022879479036,114.16687280407285,54.643752634168344,95.38369977243677
2020-05-08,127.74007282661088,201.27863605639033,114.26717512075588,55.2052699987411,94.89199160751942
2020-05-11,128.0643177182507,205.03125271384178,115.01014370155389,54.31700558496084,94.4426972021485
2020-05-12,128.3512998548767,203.63536214877348,116.57677700660498,53.740807715908105,95.02461981324218
2020-05-13,129.82560697831985,203.18331519346552,114.94513644627162,53.129753189795025,95.00882969255741
2020-05-14,130.84021207459276,198.83830166441857,115.74154607573863,53.828976482671564,95.80412999679304
2020-05-15,131.35811170008944,196.85462895525495,115.34258782840503,54.448734367037446,95.42770855316073
2020-05-18,129.8793980898927,199.4222179027261,116.74455285990663,54.77802195480119,95.40588708358344
2020-05-19,130.87583612539544,203.71030944008544,113.30278522948085,55.4935959314791,94.88740589783308
2020-05-20,134.64903457084037,200.54331991638566,113.17958882200188,54.91915988942526,94.90108639286727
2020-05-21,137.44721664618822,199.09899983333364,112.25836478327793,55.15987833489496,94.06868223788236
2020-05-22,140.81437098761867,199.13020365584558,112.9713941406371,55.088055035678885,93.80286290615985
2020-05-25,139.8190619014762,199.95501988963218,113.74870721904496,55.65890970205655,93.00389484610871
2020-05-26,137.8274690742911,197.95050165650454,112.65595040098052,55.59308242213562,93.40042061605925
2020-05-27,137.6501121631359,199.14073716163324,111.56651845682792,55.34739909794168,93.81133913257607
2020-05-28,137.84776033683607,198.01361821087949,111.4271367139934,55.717723133588535,92.84681068370179
2020-05-29,140.19294674604993,198.07542231616128,110.0618209903553,56.31468449112423,93.59917758848724
2020-06-01,136.7179884585498,199.58113130798336,111.3922231593715,55.87429564267497,95.01107351782575
2020-06-02,139.93677489546673,199.697584804005,110.84986547421927,55.8445197803909,95.04680132233251
2020-06-03,139.6890702243767,198.66454588745788,106.3717708912043,55.14639137752573,94.69069084416584
2020-06-04,138.8784243701512,198.480795595419,105.84549561942444,53.504312049133965,96.3047868022566
2020-06-05,136.85335951075928,198.3520374374416,104.33829667195418,53.643718367612756,95.55227940076934
2020-06-08,133.53838110066135,197.4971117146915,101.9867346011329,54.04641448060773,95.57336194114964
2020-06-09,135.26737713660117,196.93141109685033,100.25051519154235,54.227189020129984,95.6859219041934
2020-06-10,135.49730049966158,201.12258676313397,100.43414592544586,52.96940343663311,96.46776063734515
2020-06-11,132.95680558498597,202.68972447087953,102.33244886479854,52.75698589723363,96.68562669347563
2020-06-12,130.4537366206194,202.0124886178923,102.8118336776565,51.36313719650698,96.40603087191548
2020-06-15,129.87494333175533,203.94381028041062,101.9696970711214,52.21763557487408,95.86547201634363
2020-06-16,133.20432943800097,203.16073674262367,102.65112575769288,51.54754467338748,95.67844510268499
2020-06-17,132.76557165736938,206.36064436461433,102.02215517506221,52.33440986602334,95.10996548183577
2020-06-18,129.85174649856174,207.45545949935916,101.06065704855087,52.938895103345295,95.14676846546722
2020-06-19,129.45100505553884,207.2698018264432,99.45772614953022,52.377367783918075,94.83419448254806
2020-06-22,128.9991105554796,208.57981330768794,97.0483027312563,51.675855729323196,93.99356267807761
2020-06-23,123.85807034868665,204.42461350547845,96.54763714724783,51.903459069515044,94.71081578032386
2020-06-24,123.83151232994483,201.53241875577956,96.79023711231733,51.387959704064876,94.43747703778939
2020-06-25,123.4768566554686,198.5051952385735,96.68834299241136,51.461435015943835,93.72836294308938
2020-06-26,124.84042337212222,198.97332214633576,96.15428135326886,51.17356329468845,93.64311186002926
2020-06-29,128.37769455148714,203.55422425391566,94.91000217834905,50.0900193330211,93.69089132841499
2020-06-30,130.62410848705306,209.5604787804092,95.74667624229166,48.75934710249215,92.71849227237833
2020-07-01,130.17563276985564,211.40349284575518,94.00984619605914,48.90173468337283,92.91226335157488
2020-07-02,128.09309749431725,212.8856381200629,95.05940885745778,48.58198125526407,92.33779189915356
2020-07-03,133.11439777529847,208.0076297137826,93.7541444769902,48.269255262101524,93.29498141104257
2020-07-06,133.31250880667918,206.6441897483637,92.79465581300006,48.68197506447656,93.5976082265896
2020-07-07,133.4203505447254,204.6312296868078,90.91695663293693,49.37721731129693,93.38238989178785
2020-07-08,133.45212109136517,203.08196280443426,90.30602831850993,49.22560275555444,92.97421484720161
2020-07-09,133.9287148362252,202.73959308858528,91.56619244993139,49.03425375636075,92.92495652751609
2020-07-10,133.7190619984939,201.59671401402704,92.25465971857307,49.33835029191421,93.2759103413014
2020-07-13,132.64865025373,196.51024797936955,93.54603210257648,48.54483041243584,93.27097000402267
2020-07-14,131.64013793736143,198.51913949200687,94.25791699930403,48.684534504903255,93.15876942550364
2020-07-15,131.65444734498683,195.84991877099594,92.82977970711231,49.016691151459604,93.20071152922782
2020-07-16,130.66027569463594,196.55697795611243,92.42772936949105,49.4266060981447,92.87235110805337
2020-07-17,129.34156246266738,201.95503692585407,91.44588921285654,48.287766064131056,92.69039229512337
2020-07-20,129.62565517928888,199.64224790545936,93.17678145331867,47.85625387542115,91.53966381790305
2020-07-21,129.2076567394369,193.1750892738653,91.64355368960038,47.36146045583736,92.08362521522224
2020-07-22,132.20009248059026,192.55344123427514,92.81766960622451,47.42770225242419,92.2579198746535
2020-07-23,127.02253572858649,195.40563431781933,94.00586146915737,47.710795122339114,91.83900110292844
2020-07-24,129.1784387714684,200.47807477956488,96.44199355272984,48.57724820464911,92.89445254731984
2020-07-27,131.6704559308776,197.37384325491107,95.91777226664546,48.29843492237916,92.95224208242647
2020-07-28,127.654394646079,198.7469908267535,96.9030885638888,48.019710934218594,92.38366609782838
2020-07-29,127.07480362224092,197.64413663205852,100.02754703029113,48.69179789259404,92.86779572771
2020-07-30,126.44303687785892,197.47073777719217,99.19261874797728,48.87482662437881,93.09887767004614
2020-07-31,123.84935190316727,204.35781875781242,97.09067126509379,49.62807656365702,93.32859728061102
2020-08-03,122.4786801244452,200.46712907360023,94.56435835999228,49.80995036424307,93.09951910014014
2020-08-04,120.5118393765587,201.22862663727204,95.53628784736637,49.128281298190934,93.36047466349258
2020-08-05,123.75168649351703,202.5527132609365,93.0462202090038,48.352175296609154,93.22318344162606
2020-08-06,125.56281419292625,205.51306617736208,92.58913374683914,47.46161782477247,93.54346555154774
2020-08-07,128.03305242337433,205.87760134839667,93.18377677525928,47.84817476227538,92.48364926263474
2020-08-10,129.49584041295032,206.8050093292443,93.45330689072662,48.54021065938326,92.25214042051381
2020-08-11,127.38042529744551,205.8554783205961,94.03797209520147,49.62713983665574,93.2146005980093
2020-08-12,126.45464933368629,206.678622377603,94.3588351084259,50.1391561393139,92.79491073914787
2020-08-13,127.45877745128004,205.8598651015561,96.0765547966178,50.8488289105879,92.46799150472124
2020-08-14,125.19868897159212,207.62623220426377,94.82444388592803,50.505080861196575,92.2287057924423
2020-08-17,126.61280521542086,206.73241490143153,93.95415159384451,49.81432338536303,91.56568867681118
2020-08-18,126.2323488061704,207.84924648507408,92.96601396220319,50.33243977125924,90.36162874527624
2020-08-19,125.59837055167793,207.8741018092487,94.07441849641283,50.594780954881934,90.24564793292815
2020-08-20,127.01316077701641,211.02103575828076,95.28850345261733,50.67013340608825,90.3282368282457
2020-08-21,127.93577798461922,210.98555923797937,95.91904219922218,50.91580540798611,90.30881351033467
2020-08-24,127.31983214265716,206.22795680852596,97.53709201755893,51.12345155869404,90.23934152549012
2020-08-25,129.6103091813775,209.71423619261515,95.95771561841991,51.92127403754528,90.27166933870801
2020-08-26,127.58632108486323,207.34980886099646,98.22626517346299,52.73850590944023,90.83469814827637
2020-08-27,128.84164724924202,205.69122553576534,100.3504416239178,53.09347002983738,90.73998688721697
2020-08-28,130.0651943835252,204.20128122804488,101.41402664849129,53.64296803743018,90.43650741280322
2020-08-31,129.53931523315381,207.95198812338236,103.97424248471488,53.98460672386521,90.29300702155645
2020-09-01,130.25074454793614,202.2824340332948,101.59398875404774,53.696650845807916,90.61590208853842
2020-09-02,127.88451787209165,210.63482359036234,100.87853605786827,54.194890046270075,91.39267621498203
2020-09-03,129.7337798305958,213.63189141798495,99.87033090527932,53.298834941156606,91.0573690583814
2020-09-04,129.45179930260161,214.35868973271957,100.90905330782036,53.98354901084521,91.12052669743423
2020-09-07,128.51445884903697,214.3128979989841,99.45576411358753,53.220530668686116,91.31462660003119
2020-09-08,130.61376031913753,215.21562742511975,100.54032246727735,53.413702005900696,90.77993672235611
2020-09-09,129.3121739056463,216.7812332138888,102.49960260620439,52.882671126088084,90.80013553091418
2020-09-10,126.65779332856863,218.7079420258397,103.52796478083633,53.244423911474,90.01071523512259
2020-09-11,123.77639976232462,220.3969924182724,103.97028949404871,53.233396846929125,89.06431540788714
2020-09-14,124.97581155214759,220.76385397993823,102.56354789958027,52.225312204759554,89.26920594591127
2020-09-15,122.65045657712766,220.30788843425856,101.37833240915808,52.499411302092916,89.07252370645811
2020-09-16,125.95244146536298,219.9847953083988,103.18232583960389,52.14582517759775,89.18953671724793
2020-09-17,122.0946515520198,219.53738855000813,104.33909113744801,52.70763181694543,89.188879402666
2020-09-18,125.27483208034467,222.8829212859528,104.31339520815064,52.71901183027343,88.67529413347208
2020-09-21,125.74652464614029,224.71418027733714,103.73437933619078,52.97971007591882,88.66008403166047
2020-09-22,125.63955249534673,216.23682608491586,100.82345673678957,52.38152531056113,88.01298884813062
2020-09-23,124.6879853736512,218.18873322582286,99.34216517871656,52.021560161261135,88.75633195481245
2020-09-24,125.50931033470181,218.85018775974157,102.03035097779558,51.74565530449085,88.04310186371231
2020-09-25,125.51376333771272,218.90638546042928,100.23192544459694,52.28797201044536,87.94848091856686
2020-09-28,127.66626516535746,217.91019943990472,100.52788200462473,53.35090935946507,87.40727854941869
2020-09-29,127.96161018370623,221.2035776906908,101.97590729331705,52.846099799584536,87.71517305161625
2020-09-30,128.32687998096807,224.0389306434525,100.21489377837027,53.53955571380338,87.54951520840126
2020-10-01,127.70395779821094,221.89993918794792,100.50410861504291,52.15630084509847,87.28581604077668
2020-10-02,127.67149744996284,223.18511256841217,101.85396095837933,51.41931808523472,87.74137898102323
2020-10-05,128.33756303971577,220.47753399490247,101.90234062290449,50.83800513590852,87.76564680310943
2020-10-06,125.12238291902311,216.63350022114588,106.02506911820406,50.02306661253392,88.04648517157858
2020-10-07,122.66713375931619,214.97683367310296,103.5800897143955,49.08247985574627,87.53687602298731
2020-10-08,124.10834518017151,217.49445212489113,105.14644848682968,49.3355484811428,86.80778999065616
2020-10-09,124.50089758889777,220.29809167511112,104.92361957566143,49.21868182348504,86.87230968717986
2020-10-12,124.23200676969148,221.8776533268275,106.08899385489829,49.4526115624118,86.71480340212558
2020-10-13,124.34089724121387,224.08006532458992,106.77627019692117,49.87225021521895,87.04940183926252
2020-10-14,125.06378109619814,225.69575379309833,105.71233149919195,50.04118767100096,87.01637088140937
2020-10-15,124.1262535673144,223.9264659316777,106.08295359436664,50.44617891502493,87.13214198916235
2020-10-16,122.75160857398588,225.2957747214492,103.35549505212268,50.41417649298216,86.29216242075186
2020-10-19,123.18586434055261,227.7526981018577,104.25938691748546,49.706163798192165,87.27853547968118
2020-10-20,121.45195041529031,230.09986896266707,104.72586619771873,50.34706365023095,87.20125453372192
2020-10-21,122.26856798719857,233.77131343994398,105.69366330871787,50.00121227040594,87.57495741293503
2020-10-22,119.21934224046123,236.04075366543583,107.29108103560614,49.44984112325411,87.14439075419958
2020-10-23,121.13130271798087,237.2372033394408,107.87546098084415,49.354154963180584,87.31415320492495
2020-10-26,122.06267673020062,240.65625478709643,108.13147662111817,48.8234136554167,86.64034389653763
2020-10-27,122.60468945663183,240.69361032448944,106.83011898064234,48.58861382360128,86.88401180875557
2020-10-28,124.48549011408289,238.05455641210224,105.79695521144097,48.79893678391811,86.70712947062812
2020-10-29,127.67009244552239,237.668938851336,107.58643503042713,49.01268104942695,86.73098633239951
2020-10-30,129.68926530061225,235.48625044595855,109.7821338422467,48.494422881449175,87.10287528743824
2020-11-02,126.18595446120915,233.53705596654976,109.4491046773611,48.220309878857485,86.46743874487723
2020-11-03,123.83969642107402,233.21506845094873,109.55242884175829,48.85160998567052,86.12096800802288
2020-11-04,122.75334009422548,230.9292205256415,108.1978567431705,49.15237964704821,86.36589136350827
2020-11-05,122.87503355168121,230.1201600280158,110.00677298013693,50.38614273825414,87.46181656020833
2020-11-06,123.90286911443933,224.57035427554936,111.06458001648531,51.10976524614069,87.39810115091814
2020-11-09,122.62838472553148,225.30533221727046,114.11630638071162,51.821801800472535,87.7168260064029
2020-11-10,123.04550535609037,225.42151568372964,112.74730747735214,50.96910397347067,87.66929850214818
2020-11-11,121.72513553957234,223.13976479194815,112.18446045012269,51.446497126468756,88.69971728486544
2020-11-12,120.68161430908523,225.16368567846766,112.58162069144448,51.42400051884331,87.77871884923107
2020-11-13,118.20765129836921,228.02065524231773,113.63435493649314,51.09428105633478,87.83733100557951
2020-11-16,116.64157738479814,223.36942647294822,113.32534370274645,51.20751538891738,86.98941404263925
2020-11-17,114.34662296334146,221.26630903369912,111.9743406872502,51.79858010244796,85.68984183098195
2020-11-18,112.74141377334634,219.16453343304974,113.38966336644833,52.120248201882056,85.85134767285936
2020-11-19,114.5908946080142,216.59620117961788,114.56845040946786,51.58123698074485,85.93178925040657
2020-11-20,113.02776212461241,219.04009357678197,113.1331554906639,52.05111661818685,85.79352314310285
2020-11-23,117.55856258957023,218.59768958110286,115.31393273377746,51.66328111942771,85.74743790468824
2020-11-24,118.49900387703289,217.95529809467803,117.23768992692189,51.80794850631823,87.35004007847765
2020-11-25,118.89864672743413,212.38649429705063,117.49328578933648,51.62971875991658,87.22346543055963
2020-11-26,117.43912223839791,214.2470922462397,117.65946477656644,51.50444466739079,87.49915666463538
2020-11-27,118.743242374731,210.90261819305454,118.60742458726654,51.98832458324127,87.16699333579847
2020-11-30,117.78919179134061,211.1723888344498,117.21214546773425,51.34978710333507,87.33011725053849
2020-12-01,118.07543686828075,212.03944158661784,117.29658986883607,52.55868129601865,87.21402041360975
2020-12-02,122.680528634539,215.89613406248276,113.79723734758235,51.42062644433383,87.00792401165337
2020-12-03,122.5773667625377,212.3306816929389,115.2277117544096,51.062121209480715,87.9661763157021
2020-12-04,124.76403665299304,204.10209106625317,112.74329799474798,51.29917928649136,88.59628769349968
2020-12-07,123.52292813581596,204.6919551066218,115.15012812033538,51.66913716855187,88.67783879415366
2020-12-08,123.5322136807389,209.58545308532734,114.6524859631568,51.61717307052564,87.46071137041385
2020-12-09,126.88759684655706,213.0658925373499,114.34712766949954,51.591948354946105,87.28001270068918
2020-12-10,125.7704142556953,213.7531519993951,113.37651784037914,51.856439690209186,88.70426238286879
2020-12-11,129.2651625935949,212.49387437928928,112.95333497233997,51.72302169308285,88.5903687711114
2020-12-14,130.7150367263398,214.8297332160399,115.23041081959344,52.59808083054024,89.18563451724654
2020-12-15,129.6906227693501,212.2182413680199,111.25158295337623,53.13837827737109,89.96615636903107
2020-12-16,130.99869744584572,213.63854399367588,113.27386031636797,53.70557159942783,90.09334903602641
2020-12-17,132.98834715575717,215.14920608054865,113.84389161861041,53.09365672474885,89.64730319029415
2020-12-18,134.30854235085437,218.22212384199142,111.95427620285639,53.05369519505402,88.34635282279078
2020-12-21,131.2257085768884,226.16008027596206,110.3024609965362,52.873015987773975,88.71784740336989
2020-12-22,129.8731576350813,227.4268950624034,112.92429560581414,52.24556045960165,88.29301879573335
2020-12-23,129.46889112807332,226.0358322877079,111.4633831167841,52.48181332746622,88.3951652285693
2020-12-24,129.4020202598235,226.07370096161225,109.69703323409219,52.153710198578466,87.74113629254798
2020-12-25,130.6844048221088,220.98749782978922,111.47658278018201,52.574321837478756,87.61027694704745
2020-12-28,131.11115670815093,219.1021936635688,112.03839580335864,51.90966155398192,87.6367627891718
2020-12-29,128.56364525006302,218.04597392015935,110.60083584440655,52.99086128321474,87.78675849714274
2020-12-30,129.37397776183656,216.6694171601967,110.96944074198322,52.431490180570584,87.20833741622229
2020-12-31,130.63651074797434,217.2068902060026,109.40915075120172,52.57995665868071,87.84334193322442
2021-01-01,131.81182871743945,214.9932350636754,111.12813257704941,53.09010378865218,87.53752687137755
2021-01-04,134.02781107283866,218.23391380826504,112.81274544299245,52.737177493426,86.66680713172632
2021-01-05,135.7847591741724,218.34361821680682,113.68682838497044,53.28720641080032,86.6187815421746
2021-01-06,136.80147487681106,218.4263913709314,114.29655981953515,52.51186673096936,86.64530870462687
2021-01-07,136.7395741695373,217.6045333908092,117.14901720162403,53.43741003748143,86.73745916156854
2021-01-08,133.4148315526208,218.15234821002517,117.18364745664982,53.45717072037337,87.4550203299084
2021-01-11,134.35464208661506,220.60138699536657,115.27985405896655,53.085272557052996,87.33969400499907
2021-01-12,134.85381194498598,218.2249160210758,116.03985203422893,52.90530386036345,87.2857427260634
2021-01-13,135.48407585374372,216.46700207679942,119.46356826334537,53.42943835808421,86.71671769185767
2021-01-14,132.970679785867,215.72052896011212,117.80223227403317,53.065398829888075,87.15232360239283
2021-01-15,130.89422984776286,212.05407338678438,117.24143725250839,52.5988323337885,87.2574166139254
2021-01-18,133.04054086040625,209.90164986147272,117.96015593231593,52.469521304029996,87.04623914924736
2021-01-19,133.0414285989789,208.707126574682,117.90652323757647,51.73895954449057,86.0601751599488
2021-01-20,134.48127085168312,211.18386643235837,116.32041519558216,52.87962390762312,86.81461937652243
2021-01-21,134.61908398235133,212.01029168181975,118.182240922921,52.530791036803684,86.18381742547747
2021-01-22,134.75994159636727,212.64985652414467,122.0563221570439,53.065523046421525,85.88668423117672
2021-01-25,136.73744362473724,215.10844473683895,122.42808623735955,53.209523825646976,86.0799350308124
2021-01-26,135.76104653692508,214.83185114641427,120.91524775566708,52.59152667421672,85.47054525177991
2021-01-27,136.03824502391896,216.0297627967193,118.32942109088553,52.5982869725708,84.71318573578812
2021-01-28,135.17656118603293,215.84789105769855,118.79228599639839,53.10365306804707,83.6420988579633
2021-01-29,134.37666153465545,216.7004277485197,120.6637732652077,52.994305423166075,84.01229725831645
2021-02-01,133.8341047647068,215.1670853074724,121.50266986235208,53.76364258653186,83.74588439492372
2021-02-02,134.36034134453473,208.45287751605164,121.53503164005686,54.43343997673915,85.22513991990515
2021-02-03,133.47608512596747,208.1932225440833,120.56885206572163,55.044563023751834,84.72519813630639
2021-02-04,136.07037194976064,212.1480039065574,118.76148990483486,54.751952662308476,84.26524993292252
2021-02-05,134.3260709475008,214.8085096425605,120.18502670880764,54.053421261836746,83.98781857820731
2021-02-08,134.03014058409386,217.61179663079196,121.75858555092796,53.66623383432451,84.1187394559002
2021-02-09,133.2265004350491,221.21755868326335,119.16023091199361,53.80334522760762,83.88983385696633
2021-02-10,136.19807333140054,221.58313146841095,121.8482170978078,54.16648770827902,84.20643352653966
2021-02-11,136.68134790337382,222.26230685449804,122.86406532948048,52.7658042561774,83.72043354062377
2021-02-12,138.8788652493355,220.5887884514655,125.30836297990311,52.771220221731,83.0348008381024
2021-02-15,135.86749848548376,219.79269517683701,122.99143785378106,52.8818852016659,82.14721790168035
2021-02-16,136.49327075847816,221.66203753248985,120.6765498109176,52.71633681669591,81.05947003330601
2021-02-17,138.3965959768649,225.2419897561105,120.46107334323483,53.54373480350103,80.8156095793534
2021-02-18,138.65045129473773,224.94629171520853,121.34513498937463,53.825447715754805,80.67774769580669
2021-02-19,140.94958158824204,223.74227558698797,124.4332535815392,54.682472797850124,80.3801579674418
2021-02-22,139.9404774781638,223.85568237208932,125.70061930905237,54.55169822905616,80.98786690961177
2021-02-23,142.9828130703337,225.7171963246424,125.3112568797853,55.1763004399152,81.59269897936309
2021-02-24,147.99914656833377,221.5933177298373,123.54823164075472,56.2699386754871,81.43695337302933
2021-02-25,147.28244909696747,215.0894757670236,125.7127976497189,57.16689958264152,80.56854824806719
2021-02-26,146.38659802996398,213.65762963438866,124.05265003730801,56.42912077693924,80.30265345584743
2021-03-01,149.6657701273042,210.37386964518703,126.91808758842625,56.26862998488033,80.02168022400627
2021-03-02,153.30168781431698,209.08936412389227,126.4508532325569,56.04682036973977,79.7141721291361
2021-03-03,152.19133895720702,208.7922179983638,129.30461493159174,56.387083666323754,79.38843503753043
2021-03-04,151.32342184599156,207.6663624792491,130.57245160243696,56.86277878703241,79.08510950115407
2021-03-05,150.77460673055455,211.6913681040244,130.361193621108,56.301730120199565,78.90959989598402
2021-03-08,147.8244365385446,212.69641138918982,129.45237414528214,56.35882357465128,78.61658909302368
2021-03-09,145.87614310500675,213.63358722893238,128.87337118030382,55.00400660160697,78.72271638228968
2021-03-10,143.76646605804532,215.46842049690582,129.68481381676665,55.966760434346675,78.90080387921927
2021-03-11,142.19697279893526,212.38618125688302,129.86380362276617,55.63384266986535,78.47759018304303
2021-03-12,142.20830969279055,215.3613831450911,128.8231582506435,55.68226454608206,79.08393880456288
2021-03-15,142.79324389689373,215.25694671662708,128.56308493876193,55.48649703150046,78.6268040758228
2021-03-16,146.19993476872168,217.2408081264857,128.74308333908783,56.26066299857475,77.87145180485315
2021-03-17,144.09826529510138,214.3223638210247,124.9448691911535,54.356235207305545,78.05714939742953
2021-03-18,146.3123115059523,210.1004567329126,125.7837932242885,54.35627194625492,77.68212781916934
2021-03-19,145.93046085632903,212.43941384048543,124.09626563499462,54.29812024272945,77.83964766254276
2021-03-22,145.9097452036642,213.58516839555136,122.12975509485378,54.01340062933884,76.72482732526592
2021-03-23,147.4742321531938,211.18731814894323,119.2813446951558,55.143075701301704,77.37351545800843
2021-03-24,145.079128171715,208.90530822825957,116.32143836718507,54.566943410181814,77.69335903595021
2021-03-25,145.99837073732925,212.06618178925032,114.14898835398999,55.083231498792806,77.00166599229892
2021-03-26,146.4504960278427,208.89317237710867,113.05015670000202,55.32973080308121,76.32615634589337
2021-03-29,147.6201623037124,213.4584801002855,116.1754992690353,56.17839099699016,77.09961473461628
2021-03-30,148.34904123329687,211.06602260919405,115.35503124418011,55.739847363906904,76.7662144572533
2021-03-31,153.90167198347328,212.92321260035044,115.67669892042424,55.2607284386639,76.38966780073024
2021-04-01,152.52177423865848,212.1200576861587,116.35997103688214,55.998616042434435,75.35868896736304
2021-04-02,151.39845833781865,213.88944369979953,116.60838940600146,56.29562462132105,75.20761972210502
2021-04-05,150.07415968739343,212.48344528577024,116.51694412166928,55.263205191061616,75.11238298290225
2021-04-06,148.91376275495261,212.14000664025892,114.60209153163396,54.9166131480016,75.44234857023757
2021-04-07,147.57937528072384,212.3589243674011,116.96438280280475,55.18222239137287,74.81659423035744
2021-04-08,150.30003765878186,209.6983989779695,119.95875907801525,55.74801513487018,74.14161980948745
2021-04-09,153.59274531088715,211.82279400651902,117.16885162115558,55.30477560908592,74.34964457276368
2021-04-12,152.36996360607876,210.5154710930855,115.52422272034251,53.38176928119661,74.80617967507963
2021-04-13,150.55899575852428,209.99511918332666,115.10633177478758,53.72761258765589,74.10846886259925
2021-04-14,151.71396894729662,207.38560604231816,113.58652197029645,52.95157910302929,74.59677582741956
2021-04-15,150.54829808178462,200.58121430208467,114.42519007124112,51.68031411949323,74.62103850700355
2021-04-16,152.06792918010723,200.18338936159492,113.2928600356868,49.934144260413554,75.1173305003497
2021-04-19,152.62204119107273,206.56203297649455,116.7608434105295,50.43187634164559,75.09319363677588
2021-04-20,149.24357500447388,208.77221693125657,118.74200407550757,50.51979974916433,73.96426753175743
2021-04-21,152.7974492782443,208.82432962143304,119.13100720649372,50.39310232712572,73.90422302178025
2021-04-22,157.00521066278242,208.21506777099424,120.87958921976684,51.24314790988298,74.3817080753439
2021-04-23,155.65624852756102,208.37998589100687,122.78738414273265,51.645298815450204,73.99027611324152
2021-04-26,154.84441972115877,209.96628863946424,121.85478144203996,52.65731945939487,73.82544132982247
2021-04-27,155.60129628116886,206.84817028647592,120.49889824127217,51.7877983231228,73.75480507215974
2021-04-28,156.47528571001786,209.9480346191053,120.66687405264713,51.77668427384423,72.47906206658462
2021-04-29,158.11485942973152,212.00551635175637,122.158667242859,50.78254291498718,73.2131362007211
2021-04-30,162.97737646647008,214.09089047292946,122.43313890455252,50.6529160062335,72.82450227181918
2021-05-03,162.64258696870002,215.41829351600913,119.76679603523874,50.5119291739308,73.0527643089527
2021-05-04,160.79261558555544,215.58093789279118,118.45660211401861,50.9018491237438,73.02206703939747
2021-05-05,157.5623259589082,217.57445709391615,118.36946305767235,50.93986092320908,73.58037290436239
2021-05-06,155.92935779638626,219.35717162750387,118.27958293920588,51.3311241704639,73.76699750710297
2021-05-07,155.94543339697483,218.45725241640844,121.58142733809731,51.77469086914568,73.6703962579438
2021-05-10,160.23679721374648,216.93748396786953,119.25875627395506,53.12389500071835,73.2828096319995
2021-05-11,159.0888336406867,217.33320653931898,120.13867711917297,52.933522342804515,73.64095035934757
2021-05-12,159.7183194040072,221.81836885732875,122.67931982712403,52.346369293463354,72.82054246598946
2021-05-13,159.77480483524226,218.35614080706281,126.61736236013166,52.51141757297514,73.11002906490451
2021-05-14,162.71879926813364,214.299557881101,125.93849527787668,52.01637351830275,72.63523290543216
2021-05-17,168.98412170024253,214.86571394067195,126.84273522781142,52.951811491452005,73.18825592142203
2021-05-18,167.7398862733123,215.11528908871352,127.89256751822006,52.78243895523982,73.26640614026462
2021-05-19,166.60905245869108,215.70759648240596,128.28094453619315,52.434765441688846,73.55688858235806
2021-05-20,169.31851770531,216.4995435343227,128.14190943866413,52.1486924433267,73.60042932347731
2021-05-21,171.15196165982408,215.97959188491438,128.96248607579895,52.60869653296596,72.83393512717564
2021-05-24,175.99566655798935,220.27072294749277,124.42926831454272,52.519631914234765,72.46507676839552
2021-05-25,177.64279641090073,215.7966387117555,125.65476880127142,52.12573457815971,72.76467174588191
2021-05-26,176.7919973127113,213.58030768041792,125.91443320628643,53.17785202952262,72.8447081481249
2021-05-27,178.46441821970635,213.4004064495108,125.56002832882184,52.64213632274232,73.36816580880695
2021-05-28,181.53945896294067,208.9485635704789,129.19575339123688,52.67513203941938,73.55302771543214
2021-05-31,183.88263100726795,208.575359024617,128.01373159059597,53.0979908178216,73.1337599124472
2021-06-01,185.39214383809744,213.18468927635968,127.32974604942618,52.06916301542057,72.79175830730063
2021-06-02,188.46967573661183,213.3491664547247,130.91812064023173,52.37965799607453,72.84398671003086
2021-06-03,191.88840895362702,214.09569903511266,129.43234944438618,51.72693977738535,71.83988593756104
2021-06-04,195.9818463446663,210.69540075274267,128.47434115971913,52.248005589589674,72.56838917127254
2021-06-07,198.00646587515098,209.11250977273883,128.24843754034097,51.65489604528879,72.7679871046732
2021-06-08,197.62891284766536,208.1971086899118,129.7964324436747,52.09464597238043,73.3109969297939
2021-06-09,198.18241319061934,207.44129150534354,130.21297971091016,52.796360686693,72.6230741255756
2021-06-10,201.8879555163149,211.0012681242063,127.89561123138778,53.35268852102235,73.17264132035568
2021-06-11,199.53514620356526,212.63652453171736,126.98111158352725,53.5242600849697,74.15966660102809
2021-06-14,200.75831653009698,209.67046755134243,125.93949034223972,53.38640239505948,73.57934717695642
2021-06-15,199.6942809531832,210.44720482303535,125.84111968223522,53.02780406613127,73.92726055455502
2021-06-16,199.90020017296152,211.91547029203838,126.62911301750171,53.974478499254076,73.93514561163107
2021-06-17,203.8535820417657,215.1624258833006,127.40850008638367,53.5322147182987,73.25741147744564
2021-06-18,204.56023763410127,219.6909556845233,124.27881672434226,52.87672383651342,73.48138164221292
2021-06-21,204.82545984656767,216.9017099919034,126.16725494733984,53.30948953440623,73.8562556717741
2021-06-22,200.77035773145474,214.72376789726243,126.65122797560859,52.81085167338399,73.59725955915127
2021-06-23,203.1382038772385,211.32071564943695,129.1441609199922,52.21932989437891,74.11946884970033
2021-06-24,205.22692425738737,210.783483833927,129.98602285190844,51.32516519391969,73.3856430861293
2021-06-25,212.00943211068045,212.166783933296,132.029210934886,51.03800509954951,72.734819804053
2021-06-28,211.1578594378207,214.9961019829262,132.93118622887232,50.99755338283216,72.80170560775652
2021-06-29,211.9786838647526,214.89132077159584,135.47644099859548,51.15651789380834,72.82007432751955
2021-06-30,212.89883145082672,214.10524449465078,136.50762113557226,51.75073537629509,72.51427072682326
2021-07-01,218.064140148646,214.63469548334575,136.36144693880541,52.088293783585726,72.8737650545499
2021-07-02,217.8832705577857,212.41175448019374,140.74057018464467,51.979404943375904,73.11318203619318
2021-07-05,218.92591235898334,218.2879139745172,142.5345226367699,51.86617570451777,73.4969410230302
2021-07-06,221.05353237654177,213.83492929566395,143.72218041384818,52.19406794269539,73.44998980917129
2021-07-07,221.80492358367871,214.45539861245248,141.1972315173383,53.001554118832814,73.72289189540548
2021-07-08,220.45268893142045,220.20427893069262,138.69291412179382,53.09249261621522,73.53313640991442
2021-07-09,221.226775457216,220.33384668344422,139.30288788120583,52.80422319778,74.44663210295161
2021-07-12,224.92225287323978,219.89967719596137,139.62848007092887,52.18565382729785,74.09112899007143
2021-07-13,221.59391421867798,218.98779930437394,138.46988261033894,51.291063178407256,75.03444128342119
2021-07-14,222.16884962570802,218.5837466978006,138.78472958523724,51.711405549154634,75.05765151325382
2021-07-15,219.9689753946727,222.59410929331048,141.9130452247978,52.08040481227998,74.44570157639353
2021-07-16,224.04405451761136,216.30488973153868,143.33723269784934,52.45165280657923,75.06423190890696
2021-07-19,219.05956640128363,220.7250018761083,141.09054783584153,52.38116232981641,75.12844247819466
2021-07-20,217.3544444783916,216.74942609014764,140.91261521905048,53.27600109002655,75.51961708964427
2021-07-21,218.71468730840817,216.10644319193963,139.36686995588764,52.97715352090212,76.08171983340063
2021-07-22,223.98196259871003,215.0085841094361,138.65222468322614,53.59503829200616,76.24360144410359
2021-07-23,223.89544868852167,216.7611604691738,137.8909380997837,53.580840176378466,75.98029835466303
2021-07-26,222.16518625062537,212.36619429125963,137.0102234167109,53.200405003292204,76.43270634576218
2021-07-27,228.56739952286,213.74832544102173,134.64379719548384,53.589319312205234,76.44069608927327
2021-07-28,223.7400083872073,219.4802059017145,134.44355957995103,53.863462625259295,76.76290485331839
2021-07-29,216.49483944459936,215.70047975896273,133.42871144066862,54.10496878430846,75.7786214531099
2021-07-30,218.05364921403014,216.34028624661056,127.99652415896101,54.168560575923586,75.98942926523372
2021-08-02,216.54236006770748,214.58668200988313,131.7137490828539,54.154762923730125,75.7058735738224
2021-08-03,213.35518301774695,215.88204174322456,133.76094627020203,55.71769450488577,76.4644356634035
2021-08-04,215.75016891938793,216.04372036077982,133.09639377940925,56.5206466434558,76.75794624152194
2021-08-05,216.6686196984216,214.35008238185546,133.17138916471066,57.022206494974846,76.87608796391517
2021-08-06,214.9653487953941,215.8167384609476,131.02690886271594,57.1101113524943,77.10808923167069
2021-08-09,210.96601178030286,220.98695764350862,134.17681151291762,57.811759693271306,76.65387284233688
2021-08-10,213.85347403230745,220.54901689655685,137.78107462254977,58.18267631963131,77.40811170129838
2021-08-11,216.0675028276222,222.72293619008065,138.1246609686384,58.21260880667949,78.34074185519336
2021-08-12,215.87571311090502,219.08975750203587,140.14534589199658,58.01219607266841,78.53326274478654
2021-08-13,221.98489971445312,216.47521200056548,140.53130826346,57.96746820238494,79.29051355898726
2021-08-16,218.55495076119865,217.91288484557492,137.9435428099391,55.773683059635005,79.02767429255965
2021-08-17,213.68491755240902,222.22614535590748,137.18960862940727,55.925789609803886,78.65761287227406
2021-08-18,211.59537371994418,223.36460401717608,137.48415355779815,55.609153841897765,78.68479289181577
2021-08-19,211.57764409166896,222.56724723989606,136.6504952867825,56.6830800441128,78.89800084424972
2021-08-20,212.4768684891579,222.6764806342397,136.27318333416247,56.70757443829204,78.7193820752781
2021-08-23,211.83549837815167,219.16814575830008,136.13969096796333,55.90983717376747,78.98125069135891
2021-08-24,213.08126713283846,221.00010637225634,136.0263820433787,55.88755364565616,79.13434296338505
2021-08-25,209.2089217975201,223.64555053362247,136.16670942549962,55.1971493772499,78.66825429325007
2021-08-26,213.86517369281245,222.4429694209833,134.18569201184994,55.52175768522189,78.92099636481412
2021-08-27,213.7299536564882,221.19494248138545,132.87896140529182,55.72670894550307,79.33779152018433
2021-08-30,217.44018542327086,222.07008190892034,130.52910597082035,56.378381291363034,79.4273492811629
2021-08-31,218.68848347750918,220.9203459116757,132.35513215568028,55.85459334511867,79.98460271706725
2021-09-01,220.31799659989883,220.8408755633422,128.49313418568025,55.888558364410876,79.40835982472431
2021-09-02,222.33313718349277,226.97945317979037,130.6068802688437,54.98426687269503,79.63925571371145
2021-09-03,223.9596437961912,226.36403604618343,133.18099710927166,55.458117841659394,79.08801793268148
2021-09-06,226.25317898786346,225.42271886405047,132.6575254420647,55.8145168940616,78.56726381584434
2021-09-07,230.89980567478955,223.6378119762251,127.86276255729045,56.15775721010805,78.27769748664295
2021-09-08,231.71899605662026,225.91321391676792,127.25434705373794,56.17007981558838,77.84307144400739
2021-09-09,234.32237203788597,225.4939383633819,127.17817536835008,56.46088774812288,77.59490968513609
2021-09-10,234.14755924998096,223.70309944214833,125.41696429398573,57.55916884932213,77.50296733199254
2021-09-13,239.34604675100158,227.65748848709285,124.54994960667598,57.37376322134335,77.90000936956156
2021-09-14,237.06127702579175,231.97269954186842,127.2555148802533,57.48069312529117,77.75768961775276
2021-09-15,243.6075123751055,230.27802151127082,128.4783106122694,56.74301375393358,77.02569783737302
2021-09-16,243.6069352056523,224.8054598701026,126.85384400890072,56.16314943245263,77.5602875359062
2021-09-17,238.5248983028427,227.8622921188374,124.05463782022288,56.240304093496874,77.17849385591988
2021-09-20,239.12635462990548,225.9482060873391,123.52390200301066,56.99657885470191,77.1590199805704
2021-09-21,236.82696944018406,228.383505856011,123.19182097349051,56.832692607972014,77.37346179813503
2021-09-22,239.9553715831448,222.6484877906776,124.0845660601785,56.683165887395184,77.47386643881161
2021-09-23,237.75033536423103,225.34337285309113,123.19184784222448,56.41773999483616,77.99023574620404
2021-09-24,236.3017816522379,221.90796016007917,124.11098148660791,56.06698638904073,78.22218017823691
2021-09-27,229.74603510282577,224.1270250154222,127.510648922409,56.27665771342711,77.82576131746089
2021-09-28,228.32514897139603,224.2806752709462,129.0046930210483,55.27678517289143,78.85083345220258
2021-09-29,220.16065493566023,221.6114633056336,128.95654342518995,56.13751519151234,78.95065866885903
2021-09-30,215.06205508402573,220.54961816924538,128.66457206478532,55.70048084211049,78.8887580870848
2021-10-01,217.64413739707226,222.62766753544594,128.06069468993712,56.1941453934049,79.35290423997404
2021-10-04,220.34009584495115,223.04545682553947,130.2158246343359,55.34898639250713,79.47960747254778
2021-10-05,221.878480301583,224.85153813660764,129.11128345436362,55.804291669198015,79.6779384336958
2021-10-06,218.79333943288302,230.74123807670696,129.2317595074037,56.26542124209215,80.87733872677485
2021-10-07,218.76803153245513,226.16445309596025,129.3631585644604,56.53608182342252,80.75191992698366
2021-10-08,218.88747054559414,231.03236329075818,128.4931940786323,55.872735932474995,80.60603630535864
2021-10-11,215.21553027612117,231.46130425770588,126.06280728870878,56.05122576085958,80.67047849961938
2021-10-12,220.1979795352524,228.8725964449131,126.67063714741748,55.26669501443181,81.19718376692909
2021-10-13,223.22799937855132,225.0288924062195,126.6004545707935,55.110115676671626,80.47134556230276
2021-10-14,222.62205532130346,224.5881586755388,127.52506409872002,55.80191060067972,79.53036713266883
2021-10-15,222.84540926553623,227.3913448754194,126.61065783200512,56.34656085931734,79.2581592112524
2021-10-18,223.67567379291015,227.1279941895929,128.8126068576873,56.368096250639745,78.48907467100528
2021-10-19,216.95958286116667,231.70349083350607,127.27009741039146,55.71999397912136,78.29685586232124
2021-10-20,216.2853460838176,227.44819042735313,130.35875991165918,56.16280369914127,78.54075042557965
2021-10-21,214.20256930493915,227.52616960151397,127.20839134486694,56.187098315660464,78.12884399551744
2021-10-22,211.11284715272117,223.93555300417702,128.02084346951102,54.63387412763,77.46779901376094
2021-10-25,210.34935661351355,225.10611216811154,128.9113602403887,55.157898095489585,77.50777417751002
2021-10-26,216.14769929221532,227.81403426430006,127.51424483558121,55.15289008893489,77.91664790867077
2021-10-27,218.35513856285127,226.6818205395563,128.3101269240199,55.95974460516043,77.13203968172094
2021-10-28,216.61535363411582,219.12089825459654,130.6470728029572,55.23544385198541,77.51935007305534
2021-10-29,218.60577617132034,219.79717675994158,126.6315744326533,53.140891199457705,77.90724428240947
2021-11-01,223.3255473573397,221.15499605681381,127.56085103612872,53.32948855711975,78.36101585355726
2021-11-02,226.55695753587705,222.42792701905373,123.14650682357164,53.526741755942574,78.94174003975145
2021-11-03,226.8955368381864,226.1124831078261,121.51859531318976,52.451493381033885,79.99261907858177
2021-11-04,224.8298681481212,223.07721745776615,124.32668700650333,51.84609853026969,79.82970992687706
2021-11-05,227.31948790207542,225.16138537545504,123.35135055380371,53.57063523733473,79.89017530259281
2021-11-08,228.797583039482,228.76455243468507,121.36116045299927,53.3848883075563,79.69854828351353
2021-11-09,232.00713226574084,223.5895234068276,121.06126146631699,53.86383124495282,79.70746344828521
2021-11-10,234.35680236816475,224.6304385609045,124.6023867432487,53.45403963753091,80.44852287642142
2021-11-11,238.18696372377164,223.27045000499837,121.44451974267216,52.12390883734152,79.80734115783137
2021-11-12,236.41758515321095,223.14546437918366,119.69349151611846,52.02783931509144,79.40301338230502
2021-11-15,241.23126255968947,224.26560870622075,122.23865913410607,51.872418906347406,80.06706758163001
2021-11-16,242.09100934904396,222.95724957394407,125.45449334146706,51.63388157203581,80.56510227999134
2021-11-17,249.77229394439982,221.1102260057491,125.31046692372314,51.573176132463935,80.39762436061781
2021-11-18,247.34005698652496,221.31894995249445,123.17433224604626,51.74704061712806,80.81781546988826
2021-11-19,253.92906181073846,218.3014437435907,126.8254422793059,51.66417272956528,80.99135516539879
2021-11-22,254.8352487413284,215.32911095270936,129.6945119733042,50.89085956820637,81.7285099431347
2021-11-23,252.4980858557882,217.33853049349833,130.96620010216617,51.19794608353892,81.7732201426086
2021-11-24,250.81688100422994,214.20139606201104,129.5159284818751,50.01053971244638,82.28461290842105
2021-11-25,249.7621434426415,216.16392264285028,129.4658821319988,48.790068023882206,83.59722293383783
2021-11-26,251.50110966793787,217.5719467339403,129.2140656657212,49.23260203690798,83.90557922653747
2021-11-29,253.62441591495926,212.79940002160376,129.85133887622354,49.54199168470757,83.93880323439932
2021-11-30,251.5940256383683,211.03139015220717,132.52809699022393,49.51777831465365,84.31104512676126
2021-12-01,251.65307000510543,214.4128352224291,134.199519956239,48.69848775382086,84.13469296575411
2021-12-02,259.8906955349927,211.785173356436,132.2156128794142,48.294537144069075,85.34857201334944
2021-12-03,266.78121589297666,210.6124647595056,134.80319806799744,48.151925260710335,85.44931970612066
2021-12-06,268.68732900929035,211.98287617864327,135.43459602190094,47.23941124057689,85.31793283886087
2021-12-07,269.00170720232705,214.24771747000668,136.77796109974415,46.829923778485835,84.89866908171791
2021-12-08,269.6474377037231,213.65425011027193,139.62726104849636,47.20587272342402,85.46607415236794
2021-12-09,272.2907294063244,212.10148953178594,137.49625254735838,48.023840242337876,85.91931138215557
2021-12-10,268.2766498398296,216.12946823885974,137.4685390636779,47.791730599741236,85.67150924266497
2021-12-13,267.40189410162384,221.12328994852408,136.4869636948397,48.23513559743698,85.97638913403884
2021-12-14,260.8695971107448,224.04767965705744,133.5320165693896,47.13688325999935,85.20678560323098
2021-12-15,262.5882964962812,224.40820281125244,134.22023252900078,47.51932435066776,85.30987077059031
2021-12-16,265.29504066376677,222.16244795882213,138.97992245984705,47.070391189770206,85.55014927298471
2021-12-17,263.53141310570663,219.87511287349542,135.441342365064,47.25340780891503,86.43507820830806
2021-12-20,269.91145629266254,221.4785924522851,135.42076495767284,47.12237273782009,86.04396701513916
2021-12-21,265.1106802388206,222.79399298612185,136.675790586745,47.87844970601493,85.39260422328236
2021-12-22,259.4464253377079,226.96487069473633,136.95229867113596,47.38562591743386,84.94236593083829
2021-12-23,260.4755915226996,228.99753430497967,136.77648030503022,47.751977249493635,84.26967242355909
2021-12-24,264.7230301239429,224.63741119358218,134.32968187026623,47.60136323660274,84.95393745688678
2021-12-27,271.5684805569024,227.8217181634139,134.80776314254607,47.52045683051707,85.75181088550895
2021-12-28,269.8621441149546,224.97969049219728,133.4199582459316,47.42511906996724,85.92514097520554
2021-12-29,274.3904882393057,223.9691657444608,129.36947455924403,46.95333032168241,86.56337313158488
2021-12-30,274.39662716603453,224.80963303635573,131.57189815193772,46.95477706690582,86.64160480459165
2021-12-31,273.85073990942607,230.75442644140583,133.37672270208253,46.92886842267879,86.6008252103177
2022-01-03,277.6449142690073,240.19896079934307,133.51320092386896,47.07410777887213,86.43643729702191
2022-01-04,280.5282131623608,242.21360550761037,133.98143781236783,47.131258652462485,86.28410639196902
2022-01-05,274.0631929646289,241.7578670343823,136.03677365187053,47.592010754445326,85.49143075765888
2022-01-06,280.29761132221256,243.5586182593278,136.50484288750974,48.12894874043721,85.63552900768654
2022-01-07,286.2683345386154,246.49094724566845,138.27343318029938,47.5317897781642,85.62336846615854
2022-01-10,283.75391364867943,245.58665105122134,137.73904081710546,48.0368278784774,86.01485257851269
2022-01-11,285.60882802160125,251.44088365950608,140.310321873414,47.36258117899257,86.0717205223233
2022-01-12,287.8966840560868,252.31864363627471,140.9825486483882,47.706162161910036,85.99630256919912
2022-01-13,289.1951287585372,254.0774711526381,141.40785453909893,48.070487701875145,85.55538592302776
2022-01-14,286.98146228845013,256.4040624374502,138.9359243038236,46.97756657779493,85.60098004975134
2022-01-17,284.26249932225386,257.9375192238691,139.53576375703997,47.03937735604076,85.98870313055878
2022-01-18,284.3240958605289,260.8796129925594,137.95239997863092,46.78433204591763,85.4074165783804
2022-01-19,289.4962170894001,258.9166787575334,136.76104882277136,46.36770900306096,85.46078276395997
2022-01-20,292.0304676451182,257.16693983052147,135.24091437183566,47.12861367817307,85.58882504056837
2022-01-21,290.58222577497895,253.61752043378266,133.2627064263938,46.768355500645725,85.22863399627505
2022-01-24,294.1202040449621,255.19337695438705,137.26682426616998,46.32515409708371,84.93654372055424
2022-01-25,281.7294671152318,257.90510632080014,139.8664859042989,46.37649808502439,85.06256110555829
2022-01-26,286.7531220245922,259.56886435026433,143.66877660844645,46.767316403317245,84.4925971939078
2022-01-27,279.4421485353996,265.3490480731722,141.25219160210744,46.697175575717694,84.67844223475419
2022-01-28,278.09059469377763,265.46241891970806,141.43547373627501,47.36010953272239,84.23200679732045
2022-01-31,273.5869040477344,267.90298523700534,138.91663428586475,47.67134634074688,84.77758779497697
2022-02-01,268.43793774010646,264.23482772147736,137.60529900452863,46.4348214153,85.9752379353616
2022-02-02,273.273149735911,263.0372372338114,135.8778326611497,46.14907993283407,85.53981283417038
2022-02-03,271.519960919486,265.5471361442731,138.2766438457019,45.84716779738928,85.82254305882621
2022-02-04,273.0941137024273,268.6111059517699,137.55107649773598,46.1200653357575,85.45690028258576
2022-02-07,273.06576416209754,267.7188952747164,139.64973600509092,44.67660853921204,85.99918627478789
2022-02-08,275.18355639092783,267.60356457842454,140.8727454443392,46.05211716794827,85.3549190317634
2022-02-09,275.66576834262196,262.4569168332204,145.4582860852661,46.35478610267754,85.60957718678658
2022-02-10,270.5260122447492,261.3699831092164,142.48915967629853,46.446870888713136,85.1697208464405
2022-02-11,274.73106919904797,264.52602072209964,145.04388563063299,47.11472174094037,85.072464900487
2022-02-14,272.86115373032777,266.63632075459145,147.4153781351638,48.44919198795209,84.55470097778816
2022-02-15,266.65390943140534,268.5050825713701,145.45072861593303,48.96512548262802,84.98035803687914
2022-02-16,265.1015230566879,268.81307345647906,147.54519972096566,49.532423535664066,84.56209473154217
2022-02-17,271.22838956411283,268.97216269513626,148.28381534075058,49.62001074409507,84.8506024649316
2022-02-18,274.85019070613885,266.79774471203643,147.8560658171981,49.54566463341229,84.68390597514775
2022-02-21,273.577694236081,269.3549395882517,146.19488860267126,49.2726905483057,84.63421056032426
2022-02-22,272.3086040909983,270.96370190410164,144.76692530318365,48.79408796010342,84.7177052088509
2022-02-23,271.1582293760968,272.832333985017,148.96478530456147,48.401580060768616,84.33893675164525
2022-02-24,279.76783390496354,271.1029990715378,149.01089876386447,47.62683186516443,84.45382347742172
2022-02-25,281.5384934177415,263.6494401641884,150.68724455619102,47.59299502963576,85.23772449072577
2022-02-28,283.523515675648,267.54169296124076,149.06395244993237,46.6403731210874,84.84831008927995
2022-03-01,288.0752735904968,266.0100470204827,147.48120016075805,46.756554210764136,85.45335158270245
2022-03-02,289.2799575394062,263.15946076369676,149.75945837594074,46.74552119307299,86.2300017005386
2022-03-03,288.3294899997709,265.66348246871223,146.97482097874735,46.837293102568545,85.8163624241579
2022-03-04,287.65328591604765,264.4424494497419,146.1645498561599,46.55319780859149,85.07573910037597
2022-03-07,287.51693282440453,268.21846893202326,146.27802963822677,48.281360721462356,85.23838395485517
2022-03-08,287.52891263498657,270.5039792510156,146.54999215365808,49.07903595040188,84.9669469976184
2022-03-09,290.839647954813,273.04303812689665,146.2265114781097,48.35588040435043,85.92806075641136
2022-03-10,291.24077059069936,268.33101858063134,147.08069027224474,48.50067807705855,85.9545992292161
2022-03-11,294.6161349628622,272.6928122227199,148.55149431887338,48.15651369018424,85.54947831742155
2022-03-14,294.4361985409548,273.75529347557017,150.1239008394193,47.57989931075108,84.96919987896977
2022-03-15,294.96015595770257,272.5779806911418,148.09704002459713,46.82428936005451,85.53334691286607
2022-03-16,286.29628826811154,273.2223686869605,147.55231373184836,47.07651309065879,85.24876858551889
2022-03-17,290.40318422264244,267.04998630149373,150.0646397707995,46.7010043266053,85.27971156947295
2022-03-18,292.08674648363444,268.6022107548483,151.98922787368397,47.25272589549545,85.77730303515293
2022-03-21,296.6345814207248,265.1421228440108,149.11358676991034,47.825683463670856,85.53665051305119
2022-03-22,283.92561964260716,260.61224558117743,149.89206684660797,48.623749334283275,85.52163258906796
2022-03-23,292.99012124590496,255.5848609046501,145.78575066822486,48.13611919875675,85.52168300758231
2022-03-24,292.5524395874847,259.40967528127874,145.92528055243707,48.42033349098764,85.8808695494742
2022-03-25,297.59099484941953,257.4172989548042,149.84610871738826,48.79750128673705,86.19385945971946
2022-03-28,293.1275498552828,262.67851218172655,147.90253005770316,48.529596265677064,86.08864413356385
2022-03-29,295.99774008628964,260.9801855330056,146.21932196632932,48.08985680691283,86.13012976640485
2022-03-30,291.4982093392745,255.31804987070194,147.82721059565054,49.02829419841342,85.94661453233982
2022-03-31,288.94569523861435,251.7398139413086,144.67860613588263,49.17194467394491,85.19323448999882
2022-04-01,297.4148294595307,255.91002268301094,143.4403640972341,49.55704031550863,85.33342891494267
2022-04-04,296.742601751647,255.5193309130763,144.6811484815854,49.0780758748449,86.3107655245331
2022-04-05,297.88847126010324,253.8258165376164,143.4397839573994,48.36980986328792,85.86174974783518
2022-04-06,301.9549515356737,254.48074728477903,143.008951116783,48.04895369743407,85.47209382196867
2022-04-07,304.3812285134932,256.2680102521902,144.54180685227357,47.98705431337124,85.0341034766029
2022-04-08,305.2506276176902,260.11874068303945,145.43820385053147,47.38382632501166,85.41229696069198
2022-04-11,307.1048466201427,265.1469633956623,146.0251135480474,47.38770527383715,85.6506752271663
2022-04-12,318.3606181481507,264.03944654593283,145.3756359113927,46.437010180425496,85.57776713226247
2022-04-13,318.27648118143117,259.6197906065598,146.17241878158234,45.82215773974407,85.11495278009619
2022-04-14,319.4275235245007,258.3541319006619,145.9630622353617,46.20023338386696,85.17064015292466
2022-04-15,324.65329901556805,259.3574880428878,146.94236907629843,46.54421658596539,84.37959800784422
2022-04-18,330.23178061420845,256.23771156255765,145.96416662045127,46.33465026476449,84.4606496239755
2022-04-19,336.30984665430043,253.17747433765362,145.63487647569255,45.77802415506096,84.91075278381065
2022-04-20,339.7338015076545,254.43557459308545,143.6601536069528,45.22278970470693,84.28180229564491
2022-04-21,334.11288072640133,254.40186682302928,143.63284287220216,45.02927148597209,83.51525006134116
2022-04-22,342.4996061757341,254.6375347756064,142.0451236904563,45.38654371792559,84.31504448923482
2022-04-25,336.8157632546855,252.25401557482553,139.872309106221,45.90117939048328,84.01399274635446
2022-04-26,338.5468386408246,251.6245890130667,140.42078424732526,45.63686291920027,84.59500723016528
2022-04-27,334.9196011767015,248.72712410154926,140.8811336889309,45.01428898310807,84.52530212928326
2022-04-28,334.79833509549167,251.7299020424249,142.46748797944537,45.167973331911114,84.45161898049663
2022-04-29,336.65025071072273,255.24360877049955,141.6503289492242,44.73063805948401,84.6822121159193
2022-05-02,338.4750156683847,249.24527109334753,142.5020355276723,44.46140293254863,84.2415264649475
2022-05-03,340.82024518629476,246.35810330656693,143.64364299130835,45.17737882418066,84.31692118731591
2022-05-04,349.2745193891134,241.68841494347205,144.58118110510242,45.634817184517175,84.13235680189352
2022-05-05,351.8602037285635,239.76691684397616,142.9533196744276,45.73045369426742,83.47419268436303
2022-05-06,350.7826847992749,239.62672666046157,143.29513374913313,45.041614589207335,83.65156636603085
2022-05-09,356.06593068924525,235.2306814191923,144.0686357432303,45.16488262473511,83.527774859777
2022-05-10,362.63251899765396,232.52925050371425,144.12633502103142,45.749853102964906,83.45743203015662
2022-05-11,356.17254079388755,229.61067221048484,139.9595436294777,45.552780853233884,82.85979622527641
2022-05-12,359.57790682959694,230.3441578273874,140.31600025596686,46.3004554579911,83.65926086601287
2022-05-13,363.5755469787865,230.66697972419234,144.70444413850922,47.02797189743308,84.10769835704235
2022-05-16,362.1708901045483,228.6180599334906,144.01846552020157,47.97628126231113,84.60266672052867
2022-05-17,369.86180705511043,229.25788674513265,142.59367941006826,48.16160967966586,84.45607836902738
2022-05-18,369.251226680665,227.74321631656957,143.38177754153506,48.51071875890339,83.58828394308259
2022-05-19,370.16831630897207,227.0528090135195,144.0518428779447,49.343659804454916,84.57608884758639
2022-05-20,369.4294317118222,232.10584139010004,146.50047821181798,49.61844118716749,84.55354212687833
2022-05-23,369.7374197512688,236.26656923438904,143.96453234612855,49.329919414224236,84.18211543050673
2022-05-24,363.87925337362617,232.39308371523276,145.4818211302405,49.07426641435012,84.40105707157832
2022-05-25,356.2375113259736,235.0159932353331,146.72800515046822,49.22456417990446,85.00053454671162
2022-05-26,364.9715915655682,237.6124864050512,146.48002726275269,48.47208121022804,84.99727874263311
2022-05-27,360.55382205115365,234.18435061210775,147.21852425680956,48.39844693311462,85.6578309301639
2022-05-30,355.4083998331532,236.79412662779353,149.38446277125118,49.044980752637166,86.22300126704205
2022-05-31,344.1416508556667,241.64677588174305,151.25362321185963,47.76514971333318,85.67477066825762
2022-06-01,341.04973558592775,238.2412279379311,148.8785979258913,48.65423995117159,85.33697726863896
2022-06-02,334.4857740643083,235.51871756860564,150.63271751817143,49.319269973783335,85.83579092918592
2022-06-03,342.92492620670004,238.7522951340595,150.5414882482678,49.05703076522766,84.44733903888415
2022-06-06,348.32505292510035,239.71433295313736,150.74023874712233,49.3867278581061,84.38005695923606
2022-06-07,344.9385478757885,241.55274809657473,150.9399330653348,49.39847067486286,83.66409325517914
2022-06-08,356.79979004269745,242.7430378661398,150.66772771183597,50.13746608674601,83.43323701439918
2022-06-09,362.2682757111696,244.09731267653694,153.22665407975745,50.7387244928991,83.2919911742248
2022-06-10,360.7204950985882,240.0101136686814,153.09303255574426,49.8964186054678,83.1212870479649
2022-06-13,347.4131243918258,243.39788766909044,150.7394344991879,50.25802538375049,82.85417118029576
2022-06-14,359.56012502065084,247.22037114967077,149.95416977827372,50.14406359017114,82.31703903087947
2022-06-15,352.28133834754163,246.60675049171724,150.37430027985027,50.203935143089936,83.45725083001871
2022-06-16,343.79805806015,246.59067164586955,153.00720495308667,49.77529079144685,84.40071602448265
2022-06-17,349.2777028263058,241.80572822526827,154.34499676349776,50.8294142211107,83.82068097230186
2022-06-20,362.26953618726856,243.54317778441953,152.55343815469047,51.4739689006676,84.62474766123078
2022-06-21,370.00909598775763,245.47611830730548,157.90694391373114,51.027316199792274,84.43038213801309
2022-06-22,373.3608740012977,245.40039304365368,158.53965403943005,50.220302493723366,84.50426926267194
2022-06-23,376.91576053800173,249.11001107379377,161.41801602478628,49.99792339992702,84.48063817113155
2022-06-24,381.9668966102142,248.1526803041148,161.12358922940865,50.26861374480307,84.15467031747461
2022-06-27,386.5443607210246,250.09816680400593,162.3750408881563,50.423565245014956,84.65986040220986
2022-06-28,388.40668172573436,246.9080055231978,164.33207565885965,51.19189905506841,84.7322716048809
2022-06-29,389.2468118100413,246.95586173618355,167.18401379910645,51.687387323033306,84.49846912428596
2022-06-30,389.11489726498576,246.51958818895068,169.7090200862455,52.29909867774399,83.84550410617733
2022-07-01,384.9476834002703,247.36490459308928,171.83220856713504,52.514689411678084,83.40434511023567
2022-07-04,383.55797370088965,246.3002831299451,171.12576954494722,51.6496892537556,82.59129614303416
2022-07-05,374.0479022068717,246.0024706835192,169.80734053601455,51.5387259717525,82.60561262489091
2022-07-06,373.7205749816001,248.7671973048456,170.64899149296178,52.20466181227428,82.02076542000671
2022-07-07,368.40295477179706,247.47909690614844,172.92950929311252,52.18282589992624,81.89827863753611
2022-07-08,362.5255130649069,242.43411120458975,172.4421784049744,52.5082945905201,82.5797223656126
2022-07-11,363.72127166441015,248.06939290451277,175.06543909650767,52.31795308419209,83.18220729243954
2022-07-12,371.5340170536442,252.64848177110574,178.6782005656613,51.68188489907825,83.17441633339277
2022-07-13,376.87472532720307,248.53045930840895,176.43963200438105,51.61572543140588,83.13927444741506
2022-07-14,368.22262040814906,250.88309870720354,174.42524016005706,51.817469072070374,84.08533681140594
2022-07-15,362.9775019952305,249.3680979594601,174.13477838503647,51.420119628395234,84.35647306774884
2022-07-18,368.3174701329034,250.34695098284843,174.93694371180172,51.28496004742146,84.19899313423156
2022-07-19,363.11045154660064,251.42967993519335,173.70469869266918,50.71705302145567,83.4869972956287
2022-07-20,362.1048181496123,250.78921275845894,177.04518552693352,51.408374077997074,83.6926457491567
2022-07-21,365.3097287698535,248.35932769946442,178.14940502901862,51.23700585198661,84.1174648179924
2022-07-22,360.22272985468504,246.2539773137862,178.3012344049667,52.140471385562634,83.80707901513117
2022-07-25,361.0082432798536,243.4440975612332,174.7703826068937,53.10741508252217,83.96188883688832
2022-07-26,354.00093521965715,240.93329092143114,171.60329485019443,53.06638686526778,83.78712722234171
2022-07-27,351.02006515524533,240.843346242391,172.32988542389384,52.43482337573907,83.70298865879562
2022-07-28,352.9144253247112,238.7227495140221,167.23644495077036,51.1328260988289,82.46193010884605
2022-07-29,344.6933169596781,240.95878836648134,169.65751421003804,50.23981967605536,82.36044516618084
2022-08-01,347.1775634268217,245.73801317136645,169.3327636309155,49.42161307357945,82.847707334358
2022-08-02,347.2836029171413,244.00784747406962,177.07182999355334,50.24901170693917,82.54213058028897
2022-08-03,350.3700336080743,244.8892668968728,182.84628889810978,50.32890236175478,82.57639862341183
2022-08-04,351.75704766840255,246.60248929475904,182.43666073967628,50.57426855885981,82.21011414190153
2022-08-05,359.16579205079415,248.23895069390557,182.21979499072987,49.236829391536155,82.39612686141288
2022-08-08,360.0559368911902,248.6081858973457,184.81426616051922,48.53886793310856,82.29732243698325
2022-08-09,357.9528202370831,251.13277006373576,189.27649878502115,49.06526988407588,81.84176978570866
2022-08-10,358.82424297100073,252.83274714827903,184.992716066062,49.24393072869051,82.50430418535277
2022-08-11,361.9637650764326,248.8911828482235,180.4216835913855,49.166791916278356,82.97239995224315
2022-08-12,362.44622696073327,251.82785709193985,178.90461016027504,49.509883115191116,82.67955379653557
2022-08-15,362.8843792767517,254.85855017264635,180.4178437053316,50.4916429899966,82.934763243762
2022-08-16,359.28098263600987,252.4570895793202,181.72699712355228,50.367811752740096,83.21047754339597
2022-08-17,355.92403582987123,252.70782790589638,184.50320418040727,50.41981337702992,83.53947574610227
2022-08-18,348.64927631614114,255.0790554315886,181.4596826092314,50.5464257480984,82.69860619768986
2022-08-19,358.008295862506,254.51250453127236,175.63010629049106,52.007486137976265,83.20634580590688
2022-08-22,351.54340048219666,258.18988307671003,177.79249906285352,50.70770073335851,82.93025102700068
2022-08-23,348.10053278081153,266.2532415371707,175.78437762138194,51.13357829152183,82.76049549003484
2022-08-24,344.5582238220064,263.6658408810432,170.8696520729782,51.07336200988056,84.07864594475089
2022-08-25,349.39026206292453,259.0639280758818,171.26793085380686,51.43093993286298,84.23934043993209
2022-08-26,348.05410803925486,260.2166697443184,173.22114905800962,51.03551466079337,84.05250307080333
2022-08-29,354.77716681659103,262.7876917764424,172.97711512925218,51.01573429712262,82.94874524888186
2022-08-30,351.4059466834793,262.1303906829416,171.9202461616729,51.46145504116013,83.64871527002325
2022-08-31,353.08739336692065,267.2137250890095,171.58825591700986,53.3940859924666,82.98192977715854
2022-09-01,348.8749880990574,262.69731200334655,170.74950529555935,53.92249705504861,82.49062419038107
2022-09-02,360.31014623825655,265.1950228355452,167.57823286244354,53.384523777912165,82.33487250492806
2022-09-05,354.10777592550676,263.23889378241086,165.95179738354838,53.123734176815006,83.04282649788328
2022-09-06,355.9658894305744,269.2544060236131,167.21268564324097,52.84531431686075,83.43640298485653
2022-09-07,359.5635132310557,276.3634492194576,168.01589170837704,51.717187445421416,83.36573026069206
2022-09-08,362.0110571977669,273.74724477750124,168.46161053012747,51.522674847093086,83.5282727918311
2022-09-09,361.2221211129453,271.92840162645376,166.16512858971166,51.98606715607686,83.23573053950358
2022-09-12,360.735442757782,275.1030685093975,165.7927451804286,51.201556571331,83.31379917379859
2022-09-13,361.1889492845704,273.8561092579274,160.7893007371771,51.85600420790718,83.35879033067499
2022-09-14,360.60923017647735,273.83136749958175,161.23929745917474,52.16990404684469,83.85165912938469
2022-09-15,366.03935130894223,274.0586610802367,164.51310143009027,51.72067944419136,84.34664123673853
2022-09-16,378.39605100306744,267.35635069708724,161.16725867507935,51.643183472024965,84.60506789907798
2022-09-19,375.4587982849651,267.4419339515666,159.89355585621502,52.64402122503151,84.42958976761237
2022-09-20,367.9695048549372,265.1776472311966,160.67823266643273,53.117952909241865,84.81382323856408
2022-09-21,367.7030100335593,263.6102891068925,163.54469970055817,53.13417533703072,84.77550343747154
2022-09-22,382.152135166587,268.6893254988248,162.56749646667146,52.99325288764102,84.23366197611195
2022-09-23,377.7745371657562,264.4347402927635,161.04074307421365,53.05256870434574,84.03826289705205
2022-09-26,387.28945077611445,267.3624737936215,156.64997945438608,52.737374762269226,84.08928772865274
2022-09-27,397.26816184933466,266.5265601815653,156.92382457985522,51.415934675656025,84.55693303899207
2022-09-28,394.2076779983732,265.69049776165093,161.45720707946055,52.68622369512062,84.47227725611282
2022-09-29,397.80866508216207,268.5532689427562,162.13258555838578,52.79496279169881,83.86786187107703
2022-09-30,407.7642045842773,269.8747301051685,162.1306552550721,53.057763824830275,83.90480147920657
2022-10-03,405.6899422809339,272.0115898422697,162.9103662769187,53.03150590899608,83.97030899845987
2022-10-04,404.69449867821055,275.57124247123255,162.93394135283762,52.57429999864074,84.07233508809475
2022-10-05,401.40626938950055,274.52214027613365,161.12827463055962,52.46751666537857,84.54475679956744
2022-10-06,395.5371674470546,272.4744583430061,163.03376452586474,51.47101491263225,85.07007898043236
2022-10-07,391.92228873158706,268.7669101468996,163.59796916919453,52.887756552798635,84.77528859326317
2022-10-10,384.9621000455228,266.01733411128595,163.68738945140066,52.11484726370033,84.47036368529679
2022-10-11,385.3898899583187,276.34897586016166,161.50132400552945,51.47990104998526,83.951614941149
2022-10-12,381.17002541046554,280.95870740443036,164.49702999875953,51.218223026857366,84.31201032704048
2022-10-13,382.7354101547802,276.1644373601507,166.0771618919096,52.020142068474385,85.05335914369034
2022-10-14,374.03260602625636,271.5547134305957,164.84139971258514,52.03960321932306,84.90107182135996
2022-10-17,376.1134255229383,273.3915797912357,167.20284308856793,51.2780749437594,84.78657564624858
2022-10-18,381.0416150736017,275.47330421888205,166.08827031807095,52.06017123636111,85.54123512511588
2022-10-19,369.87479630351737,277.5766778397052,164.3197542948125,52.52725548426045,85.80926550777566
2022-10-20,372.1720326449749,276.795459010407,162.62137100668184,52.877151062069686,86.04244482682991
2022-10-21,379.2488968297218,276.48242953664214,158.63796707048377,53.34187834337034,85.43623286476097
2022-10-24,372.5951208393403,277.79915880806413,159.7328218052446,54.88518385356945,85.79270430432028
2022-10-25,382.166562570639,278.24825145111333,155.6858265120693,56.3353129109588,85.32300485883219
2022-10-26,384.79788832509894,270.3596617507354,153.05501415530324,55.882344088794824,84.75098910031083
2022-10-27,380.9594609579941,269.687170426505,148.65342253000853,56.98247855675941,84.58312879448374
2022-10-28,380.86935026812984,266.83703991391667,148.5188947950349,57.25588153034958,84.29429801911719
